ttr,hapax,adj_noun_ratio,dep_depth,fk_grade,;,—,!,:,",",.,label
0.6352941176470588,36,0.18181818181818182,9.333333333333334,11.906585365853658,0.0,0.0,0.0,0.0,4.524886877828055,11.312217194570135,1
0.6938775510204082,52,0.6,11.0,38.88510204081632,5.747126436781609,0.0,0.0,1.9157088122605364,13.409961685823756,1.9157088122605364,1
0.7472527472527473,55,0.4444444444444444,11.0,37.535164835164835,3.8910505836575875,0.0,0.0,0.0,11.673151750972762,1.9455252918287937,1
0.7878787878787878,41,0.75,6.0,9.611875000000001,0.0,0.0,3.2679738562091503,0.0,29.41176470588235,3.2679738562091503,1
0.7971014492753623,47,0.26666666666666666,5.25,5.996730769230769,2.890173410404624,0.0,0.0,0.0,26.01156069364162,8.670520231213873,1
0.6991150442477876,64,0.45454545454545453,7.666666666666667,15.192897196261683,1.6339869281045751,8.169934640522877,1.6339869281045751,0.0,9.803921568627452,3.2679738562091503,1
0.6331360946745562,83,0.41935483870967744,7.75,19.71668674698795,2.944062806673209,1.9627085377821392,0.9813542688910696,0.0,9.813542688910697,2.944062806673209,1
0.675,86,0.5151515151515151,7.4,11.849585253456222,2.185792349726776,0.0,0.0,0.0,14.207650273224045,7.6502732240437155,1
0.7301587301587301,36,0.21428571428571427,5.25,7.40964285714286,5.524861878453039,0.0,0.0,2.7624309392265194,8.287292817679557,19.337016574585636,1
0.6956521739130435,37,0.2,4.25,3.432484848484851,8.02139037433155,2.6737967914438503,0.0,0.0,13.368983957219251,34.75935828877005,1
0.7580645161290323,38,0.8571428571428571,4.666666666666667,3.6433333333333344,0.0,6.644518272425249,0.0,0.0,26.578073089700997,23.25581395348837,1
0.7301587301587301,36,0.16666666666666666,4.8,5.610622950819671,3.003003003003003,0.0,0.0,0.0,21.021021021021024,18.01801801801802,1
0.7941176470588235,43,0.4,10.0,10.027462686567166,0.0,0.0,0.0,0.0,16.43835616438356,8.21917808219178,1
0.8970588235294118,55,0.3333333333333333,7.5,12.647692307692314,7.462686567164179,0.0,0.0,0.0,7.462686567164179,9.950248756218905,1
0.676923076923077,33,0.16666666666666666,14.0,13.24192307692308,2.949852507374631,0.0,0.0,0.0,17.699115044247787,5.899705014749262,1
0.7033898305084746,66,0.5789473684210527,8.0,12.25681623931624,1.6207455429497568,0.0,0.0,3.2414910858995136,16.207455429497568,6.482982171799027,1
0.6865671641791045,35,0.3076923076923077,7.666666666666667,9.675223880597013,2.785515320334262,0.0,0.0,2.785515320334262,8.356545961002785,8.356545961002785,1
0.7704918032786885,42,0.5833333333333334,6.0,8.395737704918034,3.058103975535168,0.0,6.116207951070336,0.0,15.290519877675841,3.058103975535168,1
0.6923076923076923,44,0.2631578947368421,7.666666666666667,11.213684210526313,2.314814814814815,0.0,0.0,0.0,13.888888888888888,6.944444444444444,1
0.6842105263157895,52,0.34782608695652173,6.0,8.563276595744682,12.681159420289855,0.0,0.0,3.6231884057971016,12.681159420289855,7.246376811594203,1
0.7333333333333333,41,0.2,6.75,10.919594594594596,2.288329519450801,0.0,0.0,0.0,9.153318077803204,9.153318077803204,1
0.7681159420289855,41,0.3,9.0,14.624420289855077,0.0,0.0,0.0,0.0,8.0,2.6666666666666665,1
0.7676767676767676,68,0.25,8.0,14.590000000000003,1.6835016835016834,0.0,0.0,0.0,16.835016835016834,6.7340067340067336,1
0.6862745098039216,53,0.2,6.5,10.380272277227725,3.663003663003663,0.0,0.0,0.0,18.315018315018317,9.157509157509159,1
0.6339869281045751,75,0.26666666666666666,8.0,9.72462406015038,3.492433061699651,0.0,0.0,0.0,16.298020954598368,9.313154831199068,1
0.6422018348623854,47,0.18181818181818182,8.333333333333334,11.71938775510204,3.7383177570093458,0.0,0.0,0.0,20.560747663551403,5.607476635514018,1
0.825,58,0.35714285714285715,7.0,12.657500000000002,2.0833333333333335,0.0,0.0,0.0,14.583333333333334,8.333333333333334,1
0.7790697674418605,56,0.3333333333333333,9.0,18.74279069767442,2.028397565922921,0.0,0.0,0.0,16.227180527383368,6.085192697768763,1
0.7727272727272727,42,0.625,4.0,4.063081967213115,3.067484662576687,0.0,21.472392638036812,3.067484662576687,12.269938650306749,12.269938650306749,1
0.7731958762886598,62,0.42105263157894735,7.333333333333333,12.601520618556702,0.0,0.0,0.0,1.7452006980802792,20.942408376963353,6.980802792321117,1
0.6973684210526315,41,0.25,6.0,6.733915492957749,0.0,9.950248756218905,7.462686567164179,7.462686567164179,14.925373134328359,7.462686567164179,1
0.6545454545454545,53,0.5,6.0,9.188181818181821,1.7482517482517483,0.0,0.0,1.7482517482517483,17.482517482517483,8.741258741258742,1
0.688,67,0.4074074074074074,7.25,9.633677685950417,5.7224606580829755,0.0,0.0,2.8612303290414878,12.875536480686696,10.014306151645208,1
0.859375,48,0.7142857142857143,6.5,14.990000000000006,0.0,0.0,0.0,2.6455026455026456,15.873015873015872,5.291005291005291,1
0.6590909090909091,70,0.4583333333333333,7.333333333333333,18.55615384615385,1.3440860215053765,0.0,0.0,1.3440860215053765,18.817204301075268,4.032258064516129,1
0.6707317073170732,40,0.7,9.0,12.19439024390244,4.291845493562231,0.0,0.0,0.0,15.021459227467812,8.583690987124463,1
0.655367231638418,89,0.375,8.25,19.73416666666667,1.9801980198019802,0.0,0.0,0.9900990099009901,19.801980198019802,3.9603960396039604,1
0.7777777777777778,46,0.9230769230769231,7.0,9.78038732394366,0.0,0.0,0.0,0.0,19.093078758949883,11.933174224343675,1
0.8170731707317073,56,0.5384615384615384,6.0,8.73,6.607929515418502,0.0,0.0,2.2026431718061676,22.026431718061676,13.215859030837004,1
0.6893203883495146,51,0.4375,9.0,10.964430693069307,1.7667844522968197,0.0,0.0,5.30035335689046,17.6678445229682,7.067137809187279,1
0.8026315789473685,51,0.5625,6.5,5.484864864864864,2.375296912114014,0.0,0.0,2.375296912114014,23.752969121140143,9.501187648456057,1
0.7763157894736842,53,0.4666666666666667,8.25,7.730405405405406,0.0,2.3584905660377355,0.0,0.0,18.867924528301884,11.79245283018868,1
0.7,49,0.17647058823529413,9.0,17.2773595505618,2.1645021645021645,2.1645021645021645,0.0,0.0,15.151515151515152,8.658008658008658,1
0.7159090909090909,51,0.3333333333333333,9.0,17.643823529411765,4.237288135593221,0.0,0.0,0.0,21.1864406779661,4.237288135593221,1
0.6666666666666666,93,0.5588235294117647,11.0,17.804166666666664,3.3003300330033003,2.2002200220022,0.0,0.0,16.5016501650165,4.4004400440044,1
0.7333333333333333,60,0.55,12.5,10.430407766990296,1.6891891891891893,0.0,0.0,3.3783783783783785,16.89189189189189,8.445945945945946,1
0.7204301075268817,53,0.2857142857142857,5.2,6.679130434782611,4.040404040404041,0.0,0.0,0.0,10.101010101010102,14.141414141414142,1
0.8113207547169812,75,0.2962962962962963,4.5,8.793450980392159,3.4482758620689653,0.0,3.4482758620689653,1.7241379310344827,20.689655172413794,8.620689655172413,1
0.7159090909090909,48,0.2222222222222222,8.0,11.860229885057475,6.25,0.0,0.0,0.0,6.25,6.25,1
0.7567567567567568,45,0.8181818181818182,5.75,7.368595890410962,5.194805194805195,0.0,0.0,0.0,2.5974025974025974,10.38961038961039,1
0.7166666666666667,36,0.8,9.0,21.970000000000002,3.236245954692557,0.0,0.0,0.0,19.41747572815534,3.236245954692557,1
0.7386363636363636,56,0.3,11.0,32.96941176470588,2.207505518763797,0.0,0.0,4.415011037527594,24.282560706401764,2.207505518763797,1
0.8117647058823529,59,0.8666666666666667,7.666666666666667,9.530000000000005,2.0242914979757085,0.0,2.0242914979757085,0.0,20.242914979757085,8.097165991902834,1
0.723404255319149,55,0.1875,8.25,10.951739130434785,0.0,0.0,0.0,1.838235294117647,12.867647058823529,11.029411764705882,1
0.76,44,0.13333333333333333,5.4,5.095882352941178,2.8011204481792715,0.0,0.0,0.0,19.607843137254903,11.204481792717086,1
0.6666666666666666,88,0.4,6.166666666666667,12.65321656050956,3.2751091703056767,0.0,0.0,0.0,13.100436681222707,6.550218340611353,1
0.7530864197530864,48,0.875,6.2,7.6079487179487195,0.0,0.0,0.0,2.0408163265306123,20.408163265306122,18.367346938775512,1
0.7685185185185185,65,0.2,7.5,24.90490654205608,4.643962848297213,0.0,0.0,0.0,18.575851393188852,4.643962848297213,1
0.7692307692307693,50,0.4,8.0,15.687894736842104,4.830917874396135,0.0,0.0,0.0,9.66183574879227,4.830917874396135,1
0.6739130434782609,45,0.2857142857142857,5.75,8.73,2.0242914979757085,6.0728744939271255,6.0728744939271255,0.0,24.291497975708502,2.0242914979757085,1
0.717948717948718,66,0.18181818181818182,10.5,17.240526315789477,3.0349013657056148,0.0,0.0,0.0,13.657056145675266,6.0698027314112295,1
0.7777777777777778,41,0.2857142857142857,7.5,13.058064516129033,2.865329512893983,0.0,0.0,0.0,11.461318051575931,5.730659025787966,1
0.7311827956989247,56,0.4444444444444444,6.0,9.591478494623654,5.9405940594059405,0.0,0.0,0.0,19.801980198019802,7.920792079207921,1
0.7142857142857143,35,0.46153846153846156,5.75,5.446024590163937,12.269938650306749,0.0,0.0,0.0,0.0,12.269938650306749,1
0.6428571428571429,87,0.0967741935483871,5.2,4.548682926829269,5.938242280285036,2.375296912114014,5.938242280285036,3.5629453681710217,13.064133016627078,7.125890736342043,1
0.6705882352941176,42,0.6923076923076923,6.0,9.316341463414634,4.796163069544364,4.796163069544364,9.592326139088728,2.398081534772182,21.58273381294964,2.398081534772182,1
0.7717391304347826,57,0.4444444444444444,5.0,3.08861111111111,4.385964912280701,2.1929824561403506,4.385964912280701,6.578947368421052,17.543859649122805,10.964912280701753,1
0.6956521739130435,50,0.4444444444444444,7.5,9.750631868131872,3.937007874015748,0.0,0.0,0.0,13.779527559055119,7.874015748031496,1
0.6818181818181818,85,0.3,8.666666666666666,16.0119701986755,3.5169988276670576,0.0,0.0,0.0,15.240328253223915,5.861664712778429,1
0.7692307692307693,49,0.2,7.333333333333333,9.866282051282052,2.1929824561403506,0.0,0.0,2.1929824561403506,21.929824561403507,10.964912280701753,1
0.7448979591836735,61,0.35294117647058826,8.0,18.81183673469388,5.88235294117647,0.0,0.0,0.0,17.647058823529413,3.9215686274509802,1
0.8,41,0.3333333333333333,7.666666666666667,6.97666666666667,3.1746031746031744,0.0,0.0,3.1746031746031744,15.873015873015872,9.523809523809526,1
0.6790123456790124,91,0.575,6.833333333333333,13.526781193490056,2.051282051282051,0.0,0.0,0.0,10.256410256410257,7.17948717948718,1
0.6629834254143646,95,0.5294117647058824,8.8,16.590629213483144,1.893939393939394,1.893939393939394,0.0,0.0,15.151515151515152,4.734848484848485,1
0.6774193548387096,83,0.4642857142857143,13.0,17.318157894736846,3.468208092485549,0.0,0.0,1.1560693641618498,18.497109826589597,4.624277456647399,1
0.7432432432432432,47,0.5714285714285714,10.0,30.84555555555556,2.4096385542168677,2.4096385542168677,0.0,0.0,14.457831325301205,2.4096385542168677,1
0.7623762376237624,64,0.5,6.0,15.63237113402062,10.327022375215147,0.0,0.0,0.0,12.048192771084338,5.163511187607574,1
0.6835443037974683,41,0.8571428571428571,6.5,13.87753521126761,7.792207792207792,0.0,0.0,5.194805194805195,23.376623376623378,5.194805194805195,1
0.7777777777777778,55,0.5882352941176471,6.666666666666667,10.964691358024695,11.337868480725623,0.0,0.0,0.0,9.070294784580499,6.802721088435374,1
0.7738095238095238,55,0.375,7.5,16.660060240963862,2.2271714922048997,0.0,0.0,0.0,17.817371937639198,4.4543429844097995,1
0.7701149425287356,57,0.7142857142857143,6.0,20.17571428571428,0.0,2.004008016032064,4.008016032064128,0.0,20.04008016032064,8.016032064128256,1
0.7472527472527473,55,0.625,4.5,7.134863563402888,5.736137667304016,0.0,5.736137667304016,0.0,22.944550669216063,9.560229445506693,1
0.7878787878787878,43,0.5,7.0,18.19818181818182,2.34192037470726,0.0,0.0,2.34192037470726,11.7096018735363,4.68384074941452,1
0.7093023255813954,47,0.375,5.75,7.565588235294118,2.061855670103093,0.0,0.0,2.061855670103093,22.680412371134018,10.309278350515465,1
0.7625,49,0.26666666666666666,4.833333333333333,5.611389432485325,0.0,0.0,0.0,2.331002331002331,25.64102564102564,13.986013986013987,1
0.8095238095238095,42,0.4166666666666667,10.0,11.684262295081968,2.840909090909091,0.0,0.0,0.0,19.886363636363637,8.522727272727272,1
0.7676767676767676,65,0.16666666666666666,6.0,9.438634020618558,3.8610038610038613,0.0,3.8610038610038613,0.0,17.374517374517374,9.652509652509652,1
0.8181818181818182,53,0.3125,6.666666666666667,11.079054054054055,0.0,0.0,0.0,0.0,16.949152542372882,8.474576271186441,1
0.7007299270072993,80,0.36,8.666666666666666,16.49294117647059,2.9154518950437316,0.0,1.4577259475218658,1.4577259475218658,11.661807580174926,2.9154518950437316,1
0.7386363636363636,54,0.3333333333333333,5.75,8.299651162790699,4.282655246252677,0.0,0.0,0.0,14.98929336188437,8.565310492505354,1
0.7471264367816092,52,0.45454545454545453,6.2,5.230232558139537,4.415011037527594,0.0,0.0,0.0,8.830022075055188,13.245033112582782,1
0.7011494252873564,47,0.8333333333333334,5.833333333333333,5.798333333333336,4.184100418410042,0.0,0.0,0.0,16.736401673640167,12.552301255230125,1
0.7910447761194029,46,1.0,4.833333333333333,4.336375,0.0,0.0,5.9171597633136095,0.0,29.585798816568047,11.834319526627219,1
0.7530864197530864,55,0.25,6.5,6.689358974358978,2.4390243902439024,0.0,0.0,0.0,19.51219512195122,9.75609756097561,1
0.7604166666666666,59,0.3125,7.75,5.3965217391304385,2.0242914979757085,8.097165991902834,6.0728744939271255,0.0,12.145748987854251,8.097165991902834,1
0.7722772277227723,69,0.42105263157894735,7.0,9.738469387755103,3.676470588235294,0.0,0.0,0.0,20.22058823529412,7.352941176470588,1
0.735632183908046,51,1.0833333333333333,6.25,6.998247126436784,2.1929824561403506,0.0,0.0,0.0,13.157894736842104,8.771929824561402,1
0.7109375,75,0.38095238095238093,8.666666666666666,15.867777777777778,3.1545741324921135,0.0,0.0,1.5772870662460567,11.041009463722398,4.73186119873817,1
0.6710526315789473,75,0.25,8.5,14.74198275862069,1.2300123001230012,2.4600246002460024,0.0,2.4600246002460024,13.530135301353015,4.920049200492005,1
0.689922480620155,68,0.4827586206896552,9.5,24.526666666666674,2.9197080291970803,2.9197080291970803,0.0,0.0,14.598540145985401,2.9197080291970803,1
0.782051282051282,51,0.3157894736842105,6.0,10.903157894736843,7.125890736342043,0.0,0.0,0.0,9.501187648456057,7.125890736342043,1
0.7538461538461538,39,0.125,4.5,5.400000000000002,9.00900900900901,0.0,0.0,0.0,9.00900900900901,12.012012012012011,1
0.6891891891891891,80,0.6086956521739131,8.333333333333334,19.895510204081635,2.4539877300613497,0.0,0.0,2.4539877300613497,17.177914110429448,2.4539877300613497,1
0.7311827956989247,51,0.3125,3.75,6.43503012048193,9.00900900900901,4.504504504504505,9.00900900900901,0.0,13.513513513513514,9.00900900900901,1
0.6506849315068494,76,0.5151515151515151,10.25,14.495714285714289,1.277139208173691,0.0,1.277139208173691,0.0,19.157088122605362,3.8314176245210727,1
0.7536231884057971,38,0.3076923076923077,3.5714285714285716,4.520750000000003,2.857142857142857,2.857142857142857,8.571428571428571,0.0,14.285714285714285,8.571428571428571,1
0.76,47,0.5714285714285714,10.0,18.294054054054055,4.385964912280701,0.0,0.0,0.0,8.771929824561402,4.385964912280701,1
0.704,75,0.45454545454545453,10.0,27.102317073170735,2.717391304347826,0.0,0.0,0.0,12.228260869565219,4.076086956521739,1
0.7307692307692307,61,0.3076923076923077,9.0,14.007142857142856,10.08403361344538,0.0,0.0,1.680672268907563,3.361344537815126,5.04201680672269,1
0.688,72,0.5555555555555556,10.333333333333334,16.913553719008267,4.2313117066290555,0.0,0.0,0.0,18.335684062059237,4.2313117066290555,1
0.6567164179104478,68,0.5,8.5,13.846622137404584,2.7662517289073305,1.3831258644536653,0.0,0.0,15.214384508990317,5.532503457814661,1
0.7058823529411765,34,0.5714285714285714,4.5,3.850409836065573,9.11854103343465,0.0,12.158054711246201,0.0,27.35562310030395,9.11854103343465,1
0.7714285714285715,44,0.3,6.0,9.777857142857144,2.4813895781637716,0.0,0.0,0.0,9.925558312655086,7.444168734491315,1
0.7108433734939759,44,0.8,6.333333333333333,10.55421686746988,0.0,0.0,0.0,2.277904328018223,15.945330296127564,6.83371298405467,1
0.7475728155339806,62,0.5,7.666666666666667,14.411650485436894,0.0,0.0,0.0,0.0,16.528925619834713,4.958677685950414,1
0.7397260273972602,43,0.23076923076923078,6.0,6.722020547945206,2.5510204081632653,0.0,0.0,7.653061224489796,15.306122448979592,10.204081632653061,1
0.746031746031746,35,0.5833333333333334,3.3636363636363638,4.041705069124422,0.0,0.0,22.535211267605636,0.0,16.901408450704224,8.450704225352112,1
0.803030303030303,47,0.6470588235294118,7.0,15.33757575757576,2.493765586034913,0.0,0.0,0.0,24.93765586034913,4.987531172069826,1
0.7681159420289855,45,0.2,7.0,8.600289855072464,5.54016620498615,0.0,0.0,5.54016620498615,19.39058171745152,5.54016620498615,1
0.803030303030303,43,0.5454545454545454,10.0,24.76741935483871,5.730659025787966,5.730659025787966,0.0,0.0,8.595988538681949,2.865329512893983,1
0.7,38,0.3076923076923077,3.5,3.7326373626373623,2.4390243902439024,0.0,7.317073170731708,0.0,24.390243902439025,14.634146341463415,1
0.7654320987654321,54,0.36363636363636365,9.0,16.530000000000005,0.0,0.0,0.0,2.2123893805309733,19.911504424778762,4.424778761061947,1
0.7555555555555555,54,0.36363636363636365,11.0,17.65086206896552,6.160164271047228,0.0,0.0,0.0,10.266940451745379,2.053388090349076,1
0.7346938775510204,58,0.9333333333333333,7.0,9.738469387755103,3.75234521575985,0.0,0.0,0.0,15.0093808630394,7.5046904315197,1
0.75,54,0.5,7.25,10.82409090909091,3.9138943248532287,0.0,0.0,0.0,17.61252446183953,7.8277886497064575,1
0.6792452830188679,53,0.05263157894736842,6.75,6.1320000000000014,5.44464609800363,3.629764065335753,0.0,0.0,25.40834845735027,9.074410163339383,1
0.734375,38,0.45454545454545453,4.8,4.036666666666665,0.0,0.0,0.0,0.0,19.29260450160772,16.07717041800643,1
0.759493670886076,48,0.7142857142857143,6.4,10.168846153846157,2.247191011235955,0.0,0.0,0.0,17.97752808988764,6.741573033707866,1
0.7402597402597403,46,0.3125,8.5,16.184333333333335,0.0,0.0,0.0,2.2988505747126435,18.39080459770115,4.597701149425287,1
0.7777777777777778,66,0.8,8.666666666666666,15.267422680412377,3.669724770642202,0.0,0.0,0.0,11.009174311926607,5.5045871559633035,1
0.7638888888888888,44,0.16666666666666666,5.666666666666667,10.259718309859156,2.4630541871921183,0.0,0.0,0.0,19.704433497536947,7.389162561576354,1
0.6645161290322581,79,0.3125,10.0,22.130000000000006,2.2624434389140275,0.0,0.0,0.0,13.574660633484163,3.3936651583710407,1
0.84375,48,0.625,7.0,14.774375000000003,8.02139037433155,0.0,0.0,0.0,10.695187165775401,5.347593582887701,1
0.6506849315068494,76,0.43333333333333335,7.25,14.126830985915493,3.8412291933418694,0.0,0.0,2.560819462227913,20.486555697823302,5.121638924455826,1
0.782608695652174,45,0.5,7.0,13.325746268656719,2.8089887640449436,0.0,5.617977528089887,0.0,11.235955056179774,0.0,1
0.7647058823529411,42,0.2857142857142857,5.0,7.321604477611945,2.6954177897574128,0.0,2.6954177897574128,0.0,18.867924528301884,8.086253369272237,1
0.8051948051948052,57,0.5333333333333333,6.5,9.343833333333336,2.2026431718061676,0.0,2.2026431718061676,0.0,17.62114537444934,6.607929515418502,1
0.7611940298507462,42,0.3333333333333333,6.0,11.04757575757576,2.6041666666666665,0.0,0.0,0.0,13.020833333333334,7.8125,1
0.6666666666666666,53,0.05263157894736842,4.8,11.917906976744188,12.82051282051282,0.0,3.663003663003663,3.663003663003663,21.978021978021978,5.4945054945054945,1
0.6933333333333334,45,0.09523809523809523,3.6,14.611,0.0,0.0,9.546539379474941,2.3866348448687353,26.252983293556085,2.3866348448687353,1
0.7710843373493976,54,0.12,4.833333333333333,11.618780487804877,10.351966873706004,0.0,8.281573498964804,0.0,10.351966873706004,4.140786749482402,1
0.7647058823529411,44,0.23076923076923078,3.1666666666666665,2.8245454545454542,2.6246719160104988,0.0,15.748031496062993,2.6246719160104988,7.874015748031496,13.123359580052494,1
0.8414634146341463,60,0.3125,10.0,33.946097560975616,2.150537634408602,0.0,0.0,2.150537634408602,17.204301075268816,2.150537634408602,1
0.6956521739130435,51,0.15,6.666666666666667,7.687777777777779,6.172839506172839,0.0,0.0,0.0,12.345679012345679,8.23045267489712,1
0.7244897959183674,60,0.34782608695652173,7.0,14.488775510204082,1.834862385321101,0.0,0.0,0.0,14.678899082568808,5.5045871559633035,1
0.7647058823529411,64,0.4,6.0,9.534020202020205,3.454231433506045,3.454231433506045,0.0,0.0,22.452504317789295,8.635578583765112,1
0.7671232876712328,46,0.36363636363636365,4.5,7.61982394366197,2.4271844660194173,4.854368932038835,2.4271844660194173,0.0,16.990291262135923,2.4271844660194173,1
0.8225806451612904,44,0.5,8.0,14.48860655737705,5.6657223796034,0.0,0.0,0.0,19.8300283286119,5.6657223796034,1
0.6027397260273972,68,0.25806451612903225,7.333333333333333,18.42287671232877,2.574002574002574,0.0,0.0,0.0,16.73101673101673,3.8610038610038613,1
0.8028169014084507,49,0.8181818181818182,7.0,9.214705882352945,0.0,0.0,0.0,0.0,23.49869451697128,10.443864229765014,1
0.7424242424242424,40,0.5555555555555556,8.5,10.690000000000001,2.770083102493075,0.0,0.0,0.0,13.850415512465373,8.310249307479225,1
0.703125,34,0.26666666666666666,7.666666666666667,9.087500000000002,0.0,0.0,0.0,0.0,21.052631578947366,10.526315789473683,1
0.7313432835820896,38,0.09090909090909091,9.0,15.086940298507468,5.089058524173028,0.0,0.0,0.0,20.356234096692113,5.089058524173028,1
0.7666666666666667,38,0.5555555555555556,9.0,14.793333333333333,8.645533141210375,0.0,0.0,0.0,11.527377521613833,5.763688760806916,1
0.7471264367816092,54,0.631578947368421,7.5,19.703255813953486,3.8610038610038613,0.0,0.0,0.0,17.374517374517374,5.7915057915057915,1
0.6794871794871795,41,0.3157894736842105,7.25,9.694123376623377,2.288329519450801,0.0,0.0,6.864988558352402,9.153318077803204,9.153318077803204,1
0.7368421052631579,47,0.5333333333333333,5.4,7.050000000000001,2.314814814814815,0.0,4.62962962962963,0.0,13.888888888888888,9.25925925925926,1
0.6623376623376623,43,0.4,6.666666666666667,8.00840909090909,9.47867298578199,0.0,0.0,2.3696682464454977,9.47867298578199,9.47867298578199,1
0.7674418604651163,54,0.42857142857142855,9.0,12.741162790697675,4.024144869215292,0.0,0.0,0.0,16.09657947686117,6.036217303822937,1
0.7464788732394366,44,0.6153846153846154,6.666666666666667,9.59492957746479,2.631578947368421,0.0,0.0,0.0,15.789473684210527,7.894736842105264,1
0.7191011235955056,49,0.5714285714285714,4.75,7.613604651162792,6.564551422319474,2.1881838074398248,2.1881838074398248,0.0,21.88183807439825,6.564551422319474,1
0.7127659574468085,51,1.3333333333333333,5.75,8.51478260869565,6.369426751592357,0.0,0.0,0.0,16.985138004246284,8.492569002123142,1
0.85,44,0.4,8.0,22.953333333333337,6.349206349206349,0.0,0.0,0.0,25.396825396825395,3.1746031746031744,1
0.7045454545454546,48,0.5384615384615384,10.0,16.837068965517243,4.385964912280701,0.0,0.0,2.1929824561403506,17.543859649122805,4.385964912280701,1
0.7099236641221374,75,0.75,7.75,12.995251937984499,1.4285714285714286,0.0,0.0,1.4285714285714286,18.571428571428573,5.714285714285714,1
0.7211538461538461,67,0.3076923076923077,6.666666666666667,13.403333333333332,3.527336860670194,0.0,0.0,0.0,8.818342151675484,5.291005291005291,1
0.7692307692307693,40,0.35294117647058826,8.0,13.060384615384617,11.0803324099723,0.0,2.770083102493075,0.0,11.0803324099723,2.770083102493075,1
0.8354430379746836,58,0.8181818181818182,8.0,10.747894736842103,4.784688995215311,0.0,0.0,0.0,21.5311004784689,7.177033492822967,1
0.7264150943396226,59,0.5294117647058824,7.5,13.495145631067963,7.155635062611807,0.0,0.0,1.7889087656529516,23.25581395348837,5.366726296958855,1
0.7352941176470589,58,0.5333333333333333,6.5,9.111762376237625,7.207207207207207,0.0,0.0,0.0,9.00900900900901,10.81081081081081,1
0.7426470588235294,87,0.5555555555555556,13.0,19.88223880597015,2.631578947368421,0.0,0.0,0.0,15.789473684210527,3.947368421052632,1
0.8266666666666667,57,0.4375,7.0,16.65633333333334,2.237136465324385,0.0,0.0,0.0,17.89709172259508,4.47427293064877,1
0.7021276595744681,50,0.21428571428571427,5.5,9.180555555555557,0.0,2.066115702479339,4.132231404958678,0.0,20.66115702479339,4.132231404958678,1
0.7073170731707317,49,0.3181818181818182,7.5,15.646975308641977,4.618937644341801,0.0,0.0,0.0,11.547344110854503,4.618937644341801,1
0.78125,41,0.875,11.0,24.95774193548387,0.0,2.890173410404624,0.0,0.0,20.23121387283237,5.780346820809248,1
0.7654320987654321,51,0.5,7.0,9.375641025641027,2.375296912114014,0.0,2.375296912114014,0.0,33.2541567695962,4.750593824228028,1
0.8412698412698413,45,0.4166666666666667,8.0,14.961290322580645,2.73972602739726,0.0,0.0,0.0,19.178082191780824,5.47945205479452,1
0.7410714285714286,64,0.35294117647058826,4.333333333333333,4.89726941747573,1.779359430604982,3.558718861209964,7.117437722419928,0.0,23.131672597864767,5.338078291814947,1
0.7357142857142858,92,0.4117647058823529,9.666666666666666,17.416567164179103,2.6041666666666665,1.3020833333333333,0.0,1.3020833333333333,15.625,3.90625,1
0.7419354838709677,37,0.16666666666666666,9.0,14.48860655737705,2.976190476190476,0.0,0.0,0.0,14.88095238095238,5.952380952380952,1
0.7272727272727273,50,0.5,5.6,6.118421052631579,0.0,2.2675736961451247,2.2675736961451247,0.0,20.408163265306122,6.802721088435374,1
0.873015873015873,49,0.6,6.5,15.237857142857145,2.6525198938992043,0.0,0.0,0.0,13.262599469496022,7.957559681697613,1
0.8064516129032258,44,0.45454545454545453,9.0,23.93666666666667,3.105590062111801,0.0,0.0,0.0,6.211180124223602,3.105590062111801,1
0.703125,30,1.75,8.0,22.708196721311477,3.3003300330033003,3.3003300330033003,0.0,0.0,26.402640264026402,3.3003300330033003,1
0.7936507936507936,42,0.7,9.0,13.552142857142858,2.967359050445104,0.0,0.0,0.0,11.869436201780417,5.934718100890208,1
0.6756756756756757,38,1.2,14.0,29.852602739726027,2.493765586034913,0.0,0.0,0.0,7.481296758104738,2.493765586034913,1
0.7361111111111112,44,0.6153846153846154,7.0,13.436666666666667,2.2222222222222223,0.0,0.0,0.0,15.555555555555555,8.88888888888889,1
0.746031746031746,34,0.5,4.8,5.0110655737704946,2.8089887640449436,0.0,14.044943820224718,0.0,33.70786516853933,2.8089887640449436,1
0.719626168224299,63,0.375,13.0,16.07514018691589,1.6420361247947455,0.0,0.0,3.284072249589491,11.494252873563218,4.926108374384237,1
0.671875,32,0.17647058823529413,8.0,13.438709677419357,5.633802816901409,0.0,0.0,0.0,16.901408450704224,5.633802816901409,1
0.7011494252873564,51,0.29411764705882354,11.0,37.05724137931034,1.937984496124031,0.0,0.0,1.937984496124031,15.503875968992247,1.937984496124031,1
0.7127659574468085,51,0.07142857142857142,4.333333333333333,2.4700000000000024,4.2105263157894735,2.1052631578947367,8.421052631578947,0.0,27.36842105263158,10.526315789473683,1
0.7394957983193278,73,0.391304347826087,8.333333333333334,11.439130434782609,1.492537313432836,0.0,0.0,1.492537313432836,13.432835820895523,7.462686567164179,1
0.7857142857142857,57,1.0,10.0,33.51439024390244,4.219409282700422,0.0,0.0,2.109704641350211,16.877637130801688,2.109704641350211,1
0.675,59,0.2857142857142857,6.5,7.320714285714288,1.5479876160990713,0.0,0.0,0.0,15.479876160990711,12.38390092879257,1
0.8285714285714286,52,1.1428571428571428,9.0,9.692857142857147,2.8328611898017,0.0,0.0,0.0,22.6628895184136,8.4985835694051,1
0.7575757575757576,41,0.36363636363636365,5.8,3.665806451612905,0.0,0.0,9.230769230769232,0.0,18.461538461538463,9.230769230769232,1
0.6851851851851852,59,0.3333333333333333,5.4,8.895111111111117,5.076142131979695,0.0,0.0,0.0,18.612521150592215,8.460236886632826,1
0.6857142857142857,58,0.5,7.5,9.144642857142859,9.174311926605505,0.0,1.834862385321101,0.0,18.34862385321101,7.339449541284404,1
0.6342857142857142,88,0.3409090909090909,8.8,13.77352941176471,4.1450777202072535,0.0,0.0,3.1088082901554404,17.616580310880828,4.1450777202072535,1
0.6981132075471698,59,0.5789473684210527,13.0,15.970384615384614,1.7094017094017093,1.7094017094017093,0.0,0.0,10.256410256410257,5.128205128205129,1
0.6463414634146342,36,0.1875,5.8,4.410526315789475,2.4813895781637716,2.4813895781637716,7.444168734491315,0.0,22.332506203473944,9.925558312655086,1
0.6944444444444444,102,0.43243243243243246,5.75,9.915546218487396,4.2328042328042335,1.0582010582010584,2.1164021164021167,1.0582010582010584,17.98941798941799,6.349206349206349,1
0.6461538461538462,33,0.2222222222222222,4.25,10.718125,16.129032258064516,0.0,6.451612903225806,0.0,12.903225806451612,6.451612903225806,1
0.7012987012987013,38,0.3333333333333333,3.5454545454545454,2.9110000000000014,7.653061224489796,0.0,7.653061224489796,0.0,7.653061224489796,12.755102040816327,1
0.6829268292682927,91,0.3103448275862069,8.666666666666666,14.844535031847133,5.387931034482759,1.0775862068965516,0.0,0.0,12.931034482758621,6.4655172413793105,1
0.8405797101449275,50,0.6666666666666666,9.0,11.08417910447761,5.037783375314861,0.0,0.0,2.5188916876574305,20.151133501259444,7.556675062972292,1
0.6989247311827957,51,0.3333333333333333,5.5,10.491666666666664,0.0,0.0,0.0,1.9455252918287937,19.45525291828794,9.72762645914397,1
0.7846153846153846,42,0.16666666666666666,5.0,3.967903225806456,0.0,0.0,0.0,0.0,26.402640264026402,13.201320132013201,1
0.8289473684210527,54,0.8888888888888888,9.0,15.869666666666667,0.0,0.0,0.0,0.0,16.431924882629108,4.694835680751174,1
0.7054794520547946,88,0.5142857142857142,13.0,28.23,5.121638924455826,0.0,0.0,1.2804097311139564,17.92573623559539,3.8412291933418694,1
0.7631578947368421,44,0.375,7.0,10.917166666666667,0.0,0.0,4.357298474945535,0.0,13.071895424836601,8.71459694989107,1
0.8,53,0.3888888888888889,7.333333333333333,9.412435897435898,4.555808656036446,0.0,0.0,0.0,20.50113895216401,9.111617312072893,1
0.8095238095238095,42,0.5,9.0,12.802936507936508,5.797101449275362,0.0,0.0,2.898550724637681,11.594202898550725,5.797101449275362,1
0.7125,47,0.2222222222222222,8.0,11.409113924050633,10.91703056768559,0.0,0.0,2.1834061135371177,17.46724890829694,6.550218340611353,1
0.8032786885245902,39,0.5,4.6,6.190000000000001,8.645533141210375,0.0,5.763688760806916,0.0,25.936599423631126,8.645533141210375,1
0.7425742574257426,60,0.4375,6.75,11.27,1.7699115044247788,0.0,0.0,1.7699115044247788,14.15929203539823,7.079646017699115,1
0.6912751677852349,83,0.3793103448275862,8.75,10.43637931034483,3.740648379052369,0.0,0.0,0.0,18.703241895261847,8.728179551122194,1
0.6989247311827957,49,0.5833333333333334,8.5,17.69333333333333,4.140786749482402,0.0,0.0,0.0,16.563146997929607,4.140786749482402,1
0.7804878048780488,54,1.125,6.666666666666667,10.035853658536585,4.68384074941452,0.0,2.34192037470726,0.0,16.393442622950822,4.68384074941452,1
0.68,62,0.5217391304347826,4.3,7.075000000000003,0.0,0.0,10.294117647058824,2.941176470588235,20.58823529411765,5.88235294117647,1
0.6589147286821705,68,0.6956521739130435,8.0,13.909980620155043,11.126564673157162,0.0,1.3908205841446453,0.0,8.344923504867872,4.172461752433936,1
0.8387096774193549,47,0.3,5.5,9.362950819672132,8.746355685131196,0.0,0.0,0.0,11.661807580174926,5.830903790087463,1
0.8529411764705882,50,0.375,7.0,10.332424242424242,2.557544757033248,0.0,0.0,2.557544757033248,15.34526854219949,7.672634271099745,1
0.7714285714285715,48,0.5833333333333334,6.333333333333333,10.652463768115947,4.672897196261682,0.0,0.0,0.0,7.009345794392523,7.009345794392523,1
0.7941176470588235,48,0.16666666666666666,5.0,7.293030303030303,2.9069767441860463,0.0,0.0,0.0,11.627906976744185,8.720930232558139,1
0.7130434782608696,64,0.7142857142857143,9.5,22.685714285714287,3.189792663476874,0.0,0.0,3.189792663476874,12.759170653907496,4.784688995215311,1
0.7638888888888888,49,0.26666666666666666,5.25,7.491111111111113,5.1020408163265305,0.0,0.0,0.0,10.204081632653061,12.755102040816327,1
0.8333333333333334,51,0.5714285714285714,9.0,13.668125,5.47945205479452,0.0,0.0,0.0,13.698630136986301,5.47945205479452,1
0.7872340425531915,65,0.5,7.0,14.136559139784946,3.5650623885918002,0.0,0.0,1.7825311942959001,19.607843137254903,5.347593582887701,1
0.5913978494623656,36,0.5454545454545454,5.2,5.309913043478261,8.771929824561402,0.0,2.1929824561403506,4.385964912280701,21.929824561403507,8.771929824561402,1
0.8115942028985508,47,1.0,5.25,5.796666666666667,5.58659217877095,0.0,0.0,0.0,16.75977653631285,11.1731843575419,1
0.7926829268292683,56,0.6428571428571429,9.0,17.832160493827164,4.319654427645789,0.0,0.0,4.319654427645789,10.79913606911447,4.319654427645789,1
0.7887323943661971,49,0.5,9.0,18.36485915492958,4.5662100456621,0.0,0.0,0.0,9.1324200913242,6.8493150684931505,1
0.7428571428571429,40,0.5,5.333333333333333,7.923571428571432,2.638522427440633,0.0,2.638522427440633,5.277044854881266,10.554089709762533,0.0,1
0.8088235294117647,48,0.2727272727272727,5.5,5.089038461538461,2.9585798816568047,0.0,2.9585798816568047,0.0,23.668639053254438,5.9171597633136095,1
0.7014925373134329,32,0.75,3.6666666666666665,1.1941346153846162,0.0,0.0,11.869436201780417,0.0,14.836795252225519,11.869436201780417,1
0.7727272727272727,58,0.6666666666666666,13.0,19.278448275862065,3.883495145631068,0.0,0.0,1.941747572815534,17.475728155339805,3.883495145631068,1
0.8157894736842105,53,0.7692307692307693,8.0,12.846216216216217,2.247191011235955,0.0,0.0,0.0,11.235955056179774,4.49438202247191,1
0.6526946107784432,94,0.45454545454545453,8.666666666666666,22.836987951807235,3.2537960954446854,0.0,0.0,1.0845986984815619,16.268980477223426,3.2537960954446854,1
0.7263157894736842,53,0.7083333333333334,8.0,14.264175824175826,3.5778175313059033,0.0,0.0,0.0,17.889087656529515,5.366726296958855,1
0.706766917293233,75,0.42857142857142855,13.5,27.76060606060607,1.36986301369863,0.0,0.0,2.73972602739726,9.589041095890412,2.73972602739726,1
0.7058823529411765,58,0.25925925925925924,7.25,10.798000000000002,5.199306759098787,0.0,0.0,0.0,8.665511265164644,10.398613518197575,1
0.7466666666666667,45,0.25,5.0,7.306690140845074,2.331002331002331,4.662004662004662,2.331002331002331,0.0,20.97902097902098,13.986013986013987,1
0.7887323943661971,46,0.6666666666666666,5.5,12.23021739130435,2.932551319648094,2.932551319648094,8.797653958944283,0.0,14.66275659824047,8.797653958944283,1
0.6923076923076923,62,1.0,10.0,21.64722222222223,5.172413793103448,0.0,0.0,0.0,18.96551724137931,3.4482758620689653,1
0.7671232876712328,49,0.21739130434782608,7.5,10.60294117647059,4.878048780487805,0.0,0.0,0.0,14.634146341463415,7.317073170731708,1
0.8194444444444444,50,0.6363636363636364,8.0,15.98611111111111,2.444987775061125,0.0,0.0,0.0,24.44987775061125,4.88997555012225,1
0.6825396825396826,71,0.23333333333333334,7.2,10.233442622950822,1.4285714285714286,0.0,0.0,1.4285714285714286,17.142857142857142,10.0,1
0.7163120567375887,86,0.75,8.333333333333334,16.324411764705882,1.1976047904191616,0.0,0.0,1.1976047904191616,9.580838323353293,4.790419161676646,1
0.7974683544303798,54,0.8666666666666667,6.0,11.03974358974359,2.2522522522522523,0.0,0.0,2.2522522522522523,13.513513513513514,6.756756756756757,1
0.6796116504854369,56,0.13636363636363635,7.5,19.91764705882353,5.357142857142857,0.0,0.0,0.0,17.857142857142858,3.571428571428571,1
0.8095238095238095,44,0.15384615384615385,9.0,27.43193548387097,2.710027100271003,0.0,0.0,0.0,16.260162601626018,2.710027100271003,1
0.7525773195876289,63,0.4,6.666666666666667,11.470000000000002,7.352941176470588,0.0,0.0,0.0,14.705882352941176,7.352941176470588,1
0.6344827586206897,73,0.2903225806451613,8.0,29.774655172413798,3.6809815950920246,0.0,0.0,1.2269938650306749,19.631901840490798,1.2269938650306749,1
0.8181818181818182,48,1.0,5.333333333333333,8.782622950819672,5.681818181818182,0.0,0.0,0.0,14.204545454545453,8.522727272727272,1
0.8055555555555556,49,0.6666666666666666,10.0,15.871901408450707,0.0,0.0,0.0,2.403846153846154,12.01923076923077,4.807692307692308,1
0.7297297297297297,42,0.4166666666666667,11.0,26.062121212121216,2.7247956403269753,2.7247956403269753,0.0,0.0,19.07356948228883,2.7247956403269753,1
0.7019230769230769,65,0.14285714285714285,7.75,10.902769230769234,4.885993485342019,0.0,0.0,1.6286644951140066,11.400651465798045,8.143322475570033,1
0.7777777777777778,58,0.6428571428571429,10.0,12.553033707865172,2.028397565922921,0.0,0.0,4.056795131845842,10.141987829614605,6.085192697768763,1
0.782608695652174,46,0.46153846153846156,5.0,9.626376811594202,0.0,0.0,0.0,0.0,13.774104683195592,5.5096418732782375,1
0.7831325301204819,59,0.4375,7.5,15.941463414634146,2.2123893805309733,0.0,0.0,4.424778761061947,13.274336283185841,4.424778761061947,1
0.7282608695652174,55,0.3684210526315789,8.666666666666666,11.63304347826087,1.976284584980237,0.0,0.0,1.976284584980237,13.83399209486166,5.928853754940711,1
0.7307692307692307,49,0.4,9.0,10.434615384615388,2.3584905660377355,0.0,0.0,0.0,14.150943396226415,7.0754716981132075,1
0.7857142857142857,53,0.4666666666666667,7.0,9.136234939759039,2.2222222222222223,0.0,0.0,2.2222222222222223,15.555555555555555,8.88888888888889,1
0.7472527472527473,57,0.3684210526315789,7.5,19.663876404494378,5.847953216374268,0.0,0.0,0.0,7.797270955165692,3.898635477582846,1
0.6388888888888888,67,0.17391304347826086,5.428571428571429,6.910672268907565,2.828854314002829,0.0,4.243281471004243,0.0,19.801980198019802,9.900990099009901,1
0.7464788732394366,43,0.2857142857142857,6.0,7.725905797101451,5.181347150259067,0.0,5.181347150259067,2.5906735751295336,12.953367875647668,7.772020725388601,1
0.8333333333333334,49,0.375,4.142857142857143,3.6764285714285734,2.941176470588235,0.0,5.88235294117647,0.0,17.647058823529413,17.647058823529413,1
0.6976744186046512,42,0.1875,4.571428571428571,4.182974683544305,7.317073170731708,4.878048780487805,7.317073170731708,0.0,12.195121951219512,9.75609756097561,1
0.7122302158273381,74,0.3888888888888889,5.833333333333333,8.097575757575758,4.366812227074235,1.455604075691412,0.0,0.0,20.378457059679768,8.73362445414847,1
0.6491228070175439,88,0.38095238095238093,10.5,19.587352941176466,3.048780487804878,0.0,0.0,1.016260162601626,14.227642276422763,4.065040650406504,1
0.7058823529411765,60,0.34782608695652173,9.5,16.52686274509804,1.6366612111292964,0.0,0.0,1.6366612111292964,18.00327332242226,4.909983633387888,1
0.7195121951219512,46,0.2631578947368421,9.0,30.924146341463416,7.177033492822967,0.0,0.0,0.0,21.5311004784689,2.3923444976076556,1
0.673469387755102,50,0.4444444444444444,11.0,18.330204081632655,3.8610038610038613,0.0,0.0,1.9305019305019306,15.444015444015445,3.8610038610038613,1
0.7887323943661971,45,0.8888888888888888,7.0,16.163550724637684,2.5188916876574305,0.0,0.0,5.037783375314861,12.594458438287154,5.037783375314861,1
0.7808219178082192,48,0.42857142857142855,4.6,5.595444444444446,2.5252525252525255,0.0,7.575757575757576,0.0,20.202020202020204,10.101010101010102,1
0.6869565217391305,60,0.5,9.333333333333334,16.290434782608695,3.125,0.0,0.0,0.0,17.1875,4.6875,1
0.6896551724137931,64,0.6111111111111112,7.666666666666667,13.934827586206897,3.3500837520938025,0.0,0.0,0.0,23.450586264656614,5.025125628140704,1
0.7560975609756098,51,0.2857142857142857,8.333333333333334,10.8875,2.2172949002217295,0.0,0.0,4.434589800443459,17.738359201773836,6.651884700665189,1
0.6744186046511628,45,1.6666666666666667,4.75,9.342352941176472,4.842615012106537,0.0,2.4213075060532687,0.0,19.37046004842615,7.263922518159807,1
0.7032967032967034,50,0.17647058823529413,6.75,9.705000000000002,1.9342359767891684,0.0,0.0,0.0,21.27659574468085,7.7369439071566735,1
0.7692307692307693,44,0.2,9.0,12.930625000000003,0.0,0.0,0.0,0.0,14.45086705202312,5.780346820809248,1
0.75,42,0.26666666666666666,5.333333333333333,8.970746268656718,2.923976608187134,0.0,0.0,0.0,17.543859649122805,8.771929824561402,1
0.7702702702702703,46,0.0,6.5,12.21556338028169,5.263157894736842,0.0,0.0,0.0,18.421052631578945,5.263157894736842,1
0.7558139534883721,52,0.5,9.0,32.76285714285714,0.0,0.0,0.0,4.415011037527594,17.660044150110377,2.207505518763797,1
0.7734375,91,0.41935483870967744,17.0,18.49,2.717391304347826,0.0,0.0,1.358695652173913,17.663043478260867,4.076086956521739,1
0.7529411764705882,53,0.15789473684210525,8.5,12.9710843373494,4.237288135593221,4.237288135593221,0.0,0.0,16.949152542372882,6.355932203389831,1
0.7638888888888888,49,0.5,6.0,7.896920289855075,5.0,0.0,0.0,0.0,15.0,10.0,1
0.7162162162162162,42,0.38461538461538464,10.0,14.347222222222225,2.5316455696202533,0.0,0.0,0.0,22.78481012658228,5.063291139240507,1
0.672,67,0.4074074074074074,8.0,12.677419354838708,7.072135785007072,0.0,0.0,4.243281471004243,4.243281471004243,5.657708628005658,1
0.8285714285714286,51,0.2857142857142857,7.0,15.254285714285718,2.4096385542168677,0.0,0.0,0.0,24.096385542168676,7.228915662650603,1
0.8507462686567164,50,0.3,7.5,12.62126865671642,0.0,0.0,0.0,2.793296089385475,16.75977653631285,5.58659217877095,1
0.7945205479452054,50,0.5,4.75,7.786021126760563,4.7281323877068555,0.0,0.0,0.0,26.004728132387708,9.456264775413711,1
0.7047619047619048,59,0.38461538461538464,6.5,10.326000000000004,3.5398230088495577,0.0,0.0,1.7699115044247788,19.469026548672566,7.079646017699115,1
0.7341772151898734,45,0.4444444444444444,8.0,15.36266233766234,9.36768149882904,0.0,0.0,0.0,18.73536299765808,4.68384074941452,1
0.8787878787878788,52,0.7142857142857143,7.0,9.080909090909092,2.8089887640449436,0.0,0.0,0.0,19.662921348314605,8.426966292134832,1
0.7761194029850746,42,0.375,3.8,4.616666666666667,6.600660066006601,6.600660066006601,6.600660066006601,0.0,16.5016501650165,9.900990099009901,1
0.6846153846153846,72,0.3333333333333333,7.333333333333333,17.27922480620155,4.273504273504274,0.0,0.0,2.849002849002849,17.094017094017097,4.273504273504274,1
0.7448979591836735,66,0.5,5.4,8.429510204081634,11.194029850746269,0.0,0.0,0.0,9.328358208955223,9.328358208955223,1
0.7671232876712328,47,0.3684210526315789,6.75,6.12404929577465,2.5839793281653747,0.0,0.0,2.5839793281653747,5.167958656330749,10.335917312661499,1
0.7971014492753623,46,0.38461538461538464,9.0,13.598333333333333,2.710027100271003,0.0,0.0,0.0,16.260162601626018,5.420054200542006,1
0.7540983606557377,36,0.7272727272727273,6.666666666666667,9.556393442622952,5.865102639296188,0.0,0.0,5.865102639296188,14.66275659824047,8.797653958944283,1
0.7611940298507462,45,0.5,14.0,28.207575757575757,5.221932114882507,0.0,0.0,2.6109660574412534,18.276762402088774,2.6109660574412534,1
0.7058823529411765,100,0.5609756097560976,9.5,18.081746987951806,6.179196704428424,0.0,0.0,1.0298661174047374,19.56745623069001,5.149330587023687,1
0.8055555555555556,50,0.875,8.5,15.040915492957748,2.544529262086514,0.0,0.0,5.089058524173028,12.72264631043257,5.089058524173028,1
0.7555555555555555,59,0.6923076923076923,5.5,8.276363636363637,4.065040650406504,0.0,0.0,0.0,16.260162601626018,8.130081300813009,1
0.7692307692307693,43,0.2777777777777778,6.0,10.061250000000001,8.108108108108109,0.0,0.0,0.0,18.91891891891892,8.108108108108109,1
0.8333333333333334,53,0.42857142857142855,4.666666666666667,2.8545522388059688,2.865329512893983,0.0,2.865329512893983,0.0,22.922636103151863,17.191977077363898,1
0.6808510638297872,53,0.35,8.0,9.62096153846154,4.056795131845842,0.0,0.0,2.028397565922921,14.198782961460447,8.113590263691684,1
0.7128712871287128,57,0.125,7.0,14.130099009900988,3.51493848857645,0.0,0.0,0.0,21.0896309314587,7.0298769771529,1
0.7209302325581395,56,0.34782608695652173,9.0,9.035714285714288,6.622516556291391,0.0,0.0,0.0,8.830022075055188,6.622516556291391,1
0.7071428571428572,78,0.5384615384615384,8.0,12.657753623188409,1.3531799729364007,0.0,0.0,1.3531799729364007,20.29769959404601,5.412719891745603,1
0.6666666666666666,67,0.6153846153846154,9.666666666666666,12.125301587301589,0.0,1.358695652173913,0.0,1.358695652173913,17.663043478260867,8.152173913043478,1
0.6198347107438017,51,0.38461538461538464,4.4,4.329404761904762,3.3003300330033003,0.0,6.600660066006601,0.0,21.45214521452145,8.25082508250825,1
0.6352201257861635,75,0.13333333333333333,5.875,6.165210494203787,1.2484394506866416,2.4968789013732833,3.745318352059925,0.0,21.22347066167291,11.235955056179774,1
0.7419354838709677,79,0.4166666666666667,6.2,8.756880341880343,8.81057268722467,0.0,1.4684287812041115,0.0,29.368575624082233,8.81057268722467,1
0.7910447761194029,46,0.125,8.0,16.672014925373137,4.914004914004914,0.0,0.0,0.0,24.570024570024568,7.371007371007371,1
0.6729559748427673,83,0.5,15.0,12.977468354430382,2.1528525296017222,0.0,0.0,2.1528525296017222,19.3756727664155,6.458557588805167,1
0.7012987012987013,39,0.5,8.0,12.145263157894735,4.484304932735426,0.0,0.0,2.242152466367713,20.179372197309416,6.72645739910314,1
0.859375,50,0.45454545454545453,10.0,14.958750000000002,0.0,0.0,0.0,5.305039787798409,15.915119363395226,5.305039787798409,1
0.7471264367816092,52,0.5454545454545454,5.25,6.840641025641027,7.009345794392523,4.672897196261682,0.0,2.336448598130841,23.36448598130841,9.345794392523365,1
0.8641975308641975,64,0.5,9.0,10.6475,2.0964360587002098,0.0,0.0,0.0,14.675052410901468,8.385744234800839,1
0.84375,48,0.375,8.5,15.383333333333336,0.0,0.0,0.0,0.0,21.164021164021165,7.936507936507936,1
0.7007874015748031,71,0.5416666666666666,6.25,16.32520325203252,2.941176470588235,0.0,2.941176470588235,0.0,22.058823529411764,2.941176470588235,1
0.7666666666666667,41,0.38461538461538464,10.0,24.133333333333336,2.976190476190476,0.0,0.0,2.976190476190476,11.904761904761903,2.976190476190476,1
0.7868852459016393,42,0.07692307692307693,6.5,11.780409836065573,3.0864197530864197,0.0,0.0,3.0864197530864197,18.51851851851852,6.172839506172839,1
0.7701149425287356,56,0.4,8.5,17.366176470588233,0.0,0.0,0.0,0.0,18.218623481781375,2.0242914979757085,1
0.7333333333333333,43,0.625,6.25,5.502717391304351,2.8735632183908044,2.8735632183908044,2.8735632183908044,0.0,25.862068965517242,8.620689655172413,1
0.7107438016528925,72,0.6818181818181818,10.5,25.067100840336142,4.24929178470255,0.0,0.0,0.0,18.413597733711047,2.8328611898017,1
0.7837837837837838,48,0.1875,5.75,6.12404929577465,0.0,8.02139037433155,2.6737967914438503,0.0,13.368983957219251,8.02139037433155,1
0.7978723404255319,63,0.42105263157894735,7.0,11.944893617021279,1.9646365422396854,0.0,3.929273084479371,0.0,23.575638506876228,1.9646365422396854,1
0.7529411764705882,52,0.4375,10.5,11.691566265060242,4.357298474945535,4.357298474945535,0.0,0.0,15.250544662309368,6.5359477124183005,1
0.6273291925465838,76,0.3684210526315789,9.75,12.855128205128207,2.1668472372697725,0.0,0.0,2.1668472372697725,15.167930660888407,7.583965330444204,1
0.6759776536312849,100,0.6206896551724138,9.666666666666666,27.202500000000004,3.669724770642202,0.0,0.0,0.0,13.761467889908257,3.669724770642202,1
0.7972972972972973,49,0.2,9.0,16.477777777777778,2.288329519450801,0.0,0.0,0.0,16.018306636155607,6.864988558352402,1
0.7538461538461538,41,0.3076923076923077,10.0,15.057307692307692,2.617801047120419,0.0,0.0,0.0,13.089005235602095,5.235602094240838,1
0.7671232876712328,44,0.125,4.75,3.549432835820898,9.11854103343465,0.0,3.0395136778115504,0.0,18.2370820668693,6.079027355623101,1
0.6615384615384615,70,0.5,11.0,12.522307692307692,2.6666666666666665,0.0,0.0,0.0,22.666666666666668,6.666666666666667,1
0.775,55,0.47058823529411764,6.5,16.69348101265823,2.1141649048625792,0.0,0.0,4.2283298097251585,21.141649048625794,4.2283298097251585,1
0.8513513513513513,54,0.3333333333333333,5.25,5.331702898550727,8.21917808219178,0.0,5.47945205479452,0.0,16.43835616438356,5.47945205479452,1
0.7547169811320755,68,0.35,6.25,11.841785714285717,3.2626427406199023,0.0,0.0,1.6313213703099512,24.469820554649267,6.525285481239805,1
0.8548387096774194,48,0.4444444444444444,4.833333333333333,3.8696393442622963,6.41025641025641,0.0,3.205128205128205,0.0,16.025641025641026,12.82051282051282,1
0.7279411764705882,85,0.5454545454545454,7.75,14.206343283582093,4.016064257028112,0.0,0.0,2.677376171352075,14.72556894243641,5.35475234270415,1
0.72,62,0.42105263157894735,9.0,12.321428571428573,5.847953216374268,0.0,0.0,0.0,11.695906432748536,5.847953216374268,1
0.6842105263157895,61,0.23809523809523808,8.0,16.016814159292036,4.769475357710651,0.0,0.0,0.0,22.257551669316374,6.359300476947536,1
0.725,47,0.2,8.5,12.305316455696204,2.2026431718061676,0.0,0.0,4.405286343612335,13.215859030837004,6.607929515418502,1
0.6511627906976745,94,0.47368421052631576,9.0,23.51588235294118,4.2283298097251585,0.0,0.0,1.0570824524312896,15.856236786469344,3.171247357293869,1
0.7159090909090909,51,0.3,8.5,19.820977011494254,1.953125,0.0,0.0,0.0,21.484375,3.90625,1
0.704225352112676,38,0.5,4.5,2.7668750000000024,5.9171597633136095,0.0,0.0,0.0,17.75147928994083,17.75147928994083,1
0.7605633802816901,46,0.2222222222222222,7.0,7.587529411764709,2.4390243902439024,0.0,0.0,0.0,9.75609756097561,12.195121951219512,1
0.7692307692307693,51,0.21428571428571427,6.25,8.621396103896103,6.960556844547564,0.0,0.0,0.0,13.921113689095128,9.280742459396752,1
0.8026315789473685,51,0.38461538461538464,6.333333333333333,12.145263157894735,4.535147392290249,0.0,0.0,0.0,15.873015873015872,4.535147392290249,1
0.7064220183486238,61,0.35714285714285715,5.666666666666667,7.754130841121498,3.6036036036036037,0.0,5.405405405405405,0.0,19.81981981981982,5.405405405405405,1
0.7121212121212122,38,0.25,7.0,4.544423076923078,0.0,3.134796238244514,3.134796238244514,0.0,21.9435736677116,3.134796238244514,1
0.7448979591836735,62,0.3157894736842105,7.75,10.460918367346942,6.920415224913495,0.0,0.0,0.0,15.570934256055363,6.920415224913495,1
0.7831325301204819,56,0.4117647058823529,5.5,8.42539156626506,0.0,0.0,0.0,2.1739130434782608,21.73913043478261,8.695652173913043,1
0.6542056074766355,51,0.3103448275862069,6.5,10.942738095238099,6.8728522336769755,0.0,0.0,0.0,18.900343642611684,6.8728522336769755,1
0.75,57,0.3888888888888889,8.0,14.072222222222226,1.8518518518518519,3.7037037037037037,0.0,0.0,11.11111111111111,3.7037037037037037,1
0.7323943661971831,42,0.2857142857142857,4.666666666666667,3.982746478873242,5.524861878453039,0.0,0.0,0.0,13.812154696132596,11.049723756906078,1
0.7272727272727273,38,0.0,4.75,4.72596153846154,6.269592476489028,0.0,6.269592476489028,0.0,15.67398119122257,9.404388714733543,1
0.7043478260869566,61,0.4666666666666667,5.5,6.119339449541286,5.628517823639775,9.380863039399626,0.0,0.0,35.647279549718576,7.5046904315197,1
0.7560975609756098,49,0.3076923076923077,3.5555555555555554,2.7987012987012996,5.141388174807197,0.0,7.712082262210797,0.0,12.853470437017995,12.853470437017995,1
0.7027027027027027,45,0.5833333333333334,6.0,6.933108108108112,7.371007371007371,0.0,0.0,0.0,17.1990171990172,9.828009828009828,1
0.8372093023255814,61,0.4666666666666667,5.2,12.974117647058826,3.6496350364963503,0.0,0.0,1.8248175182481752,10.948905109489052,9.124087591240874,1
0.6610169491525424,60,0.25925925925925924,11.0,9.378153153153153,4.739336492890995,0.0,0.0,0.0,9.47867298578199,11.058451816745656,1
0.6744186046511628,96,0.3684210526315789,9.666666666666666,15.508823529411767,1.941747572815534,0.0,0.970873786407767,1.941747572815534,22.33009708737864,3.883495145631068,1
0.7638888888888888,47,0.21052631578947367,4.333333333333333,9.264423076923077,2.4213075060532687,4.842615012106537,7.263922518159807,0.0,19.37046004842615,12.106537530266344,1
0.7087378640776699,64,0.5,11.5,14.597425742574256,1.7006802721088434,0.0,0.0,3.401360544217687,15.306122448979592,5.1020408163265305,1
0.6776859504132231,67,0.45454545454545453,13.5,24.967941176470593,3.0303030303030303,0.0,0.0,1.5151515151515151,10.606060606060607,7.575757575757576,1
0.6754966887417219,84,0.3,8.25,11.68082191780822,3.5087719298245617,0.0,0.0,2.3391812865497075,12.865497076023393,7.017543859649123,1
0.7796610169491526,76,0.2692307692307692,5.0,7.56653761061947,2.9282576866764276,0.0,5.856515373352855,0.0,17.569546120058565,11.71303074670571,1
0.7580645161290323,82,0.24,9.666666666666666,9.353593495934962,8.982035928143713,0.0,1.4970059880239521,0.0,20.958083832335326,5.9880239520958085,1
0.7205882352941176,38,0.25,5.0,5.838985074626866,5.571030640668524,0.0,2.785515320334262,0.0,19.498607242339833,11.142061281337048,1
0.8666666666666667,45,0.5,11.0,9.713333333333335,2.849002849002849,0.0,0.0,0.0,17.094017094017097,8.547008547008549,1
0.75,41,0.5,9.5,14.221250000000001,2.7247956403269753,0.0,0.0,0.0,10.899182561307901,5.449591280653951,1
0.7126436781609196,51,0.29411764705882354,8.5,17.64511627906977,2.1141649048625792,0.0,0.0,2.1141649048625792,14.799154334038054,6.342494714587738,1
0.7685185185185185,70,0.6666666666666666,9.5,21.96814814814815,4.6875,0.0,0.0,0.0,15.625,3.125,1
0.8125,47,0.5,5.666666666666667,8.033125000000002,8.670520231213873,0.0,0.0,0.0,14.45086705202312,8.670520231213873,1
0.7692307692307693,62,0.7333333333333333,5.4,7.26211235955056,1.953125,3.90625,0.0,0.0,19.53125,9.765625,1
0.7659574468085106,58,0.38095238095238093,6.0,9.14095744680851,7.707129094412331,0.0,0.0,0.0,21.19460500963391,7.707129094412331,1
0.7777777777777778,56,0.3,7.333333333333333,10.090617283950618,0.0,0.0,0.0,4.705882352941176,23.52941176470588,7.058823529411765,1
0.7364864864864865,93,0.5,7.8,12.608958904109588,5.959475566150179,1.1918951132300357,0.0,0.0,17.878426698450536,5.959475566150179,1
0.8656716417910447,53,0.6666666666666666,5.666666666666667,8.266268656716417,2.770083102493075,0.0,0.0,0.0,22.1606648199446,8.310249307479225,1
0.7,61,0.4,6.8,9.438257575757579,7.246376811594203,0.0,1.8115942028985508,1.8115942028985508,14.492753623188406,5.434782608695652,1
0.6618705035971223,73,0.1875,10.666666666666666,11.336521739130436,1.2269938650306749,0.0,0.0,1.2269938650306749,24.539877300613497,7.361963190184049,1
0.7910447761194029,42,0.3,10.0,7.505483870967744,0.0,0.0,0.0,0.0,27.522935779816514,9.174311926605505,1
0.819672131147541,43,0.4444444444444444,6.666666666666667,10.910491803278688,8.4985835694051,0.0,0.0,0.0,16.9971671388102,14.164305949008499,1
0.7475728155339806,66,0.30434782608695654,8.0,11.033999999999999,5.253940455341506,0.0,0.0,0.0,17.513134851138354,7.005253940455342,1
0.8823529411764706,55,0.5833333333333334,7.0,11.941515151515151,2.4271844660194173,0.0,0.0,0.0,19.41747572815534,7.281553398058253,1
0.7142857142857143,37,0.25,9.5,9.218387096774197,2.8011204481792715,0.0,0.0,2.8011204481792715,19.607843137254903,8.403361344537815,1
0.7258064516129032,75,0.45454545454545453,8.333333333333334,15.857606837606841,1.4727540500736376,0.0,0.0,2.945508100147275,16.200294550810018,5.89101620029455,1
0.7263157894736842,55,0.47368421052631576,8.0,12.740860215053765,1.876172607879925,0.0,0.0,0.0,15.0093808630394,5.628517823639775,1
0.71,60,0.7142857142857143,5.666666666666667,13.222000000000005,8.8339222614841,0.0,0.0,0.0,19.434628975265017,5.30035335689046,1
0.7666666666666667,38,0.16666666666666666,7.0,13.416666666666668,2.9154518950437316,0.0,0.0,0.0,11.661807580174926,5.830903790087463,1
0.746031746031746,37,0.25,8.0,14.875491803278688,0.0,0.0,0.0,5.47945205479452,13.698630136986301,8.21917808219178,1
0.7631578947368421,46,0.5714285714285714,12.0,10.365333333333336,2.3923444976076556,0.0,0.0,2.3923444976076556,23.923444976076556,7.177033492822967,1
0.8051948051948052,56,0.42857142857142855,7.0,12.196623376623378,11.415525114155251,0.0,0.0,0.0,6.8493150684931505,6.8493150684931505,1
0.7058823529411765,37,0.5833333333333334,8.5,10.08235294117647,2.6954177897574128,0.0,0.0,0.0,21.563342318059302,8.086253369272237,1
0.8387096774193549,45,1.0,4.5,5.609999999999999,3.0120481927710845,3.0120481927710845,3.0120481927710845,0.0,15.060240963855422,6.024096385542169,1
0.7311827956989247,53,0.3125,6.25,8.89956521739131,3.937007874015748,0.0,0.0,1.968503937007874,19.68503937007874,7.874015748031496,1
0.7115384615384616,63,0.36,9.0,21.14192307692308,5.319148936170213,0.0,0.0,0.0,17.73049645390071,3.5460992907801416,1
0.6402877697841727,61,0.36,7.5,16.40617647058824,2.898550724637681,0.0,2.898550724637681,0.0,20.289855072463766,2.898550724637681,1
0.7741935483870968,41,0.36363636363636365,8.0,12.826666666666672,2.932551319648094,0.0,0.0,2.932551319648094,20.527859237536656,5.865102639296188,1
0.7258064516129032,35,0.75,5.666666666666667,7.428524590163935,3.3112582781456954,0.0,0.0,0.0,16.55629139072848,6.622516556291391,1
0.7228915662650602,46,0.8181818181818182,7.5,17.5408024691358,2.2172949002217295,0.0,0.0,0.0,22.172949002217297,4.434589800443459,1
0.708029197080292,78,0.47619047619047616,7.0,10.842646616541355,1.4124293785310735,1.4124293785310735,0.0,0.0,21.1864406779661,7.062146892655367,1
0.7476635514018691,68,0.5,7.0,12.445000000000004,3.3057851239669422,0.0,0.0,1.6528925619834711,13.223140495867769,6.6115702479338845,1
0.7254901960784313,93,0.45454545454545453,6.8,15.489177852348995,2.398081534772182,0.0,2.398081534772182,0.0,26.378896882494004,3.5971223021582737,1
0.8333333333333334,50,0.375,8.5,16.231515151515154,2.5510204081632653,0.0,0.0,0.0,17.857142857142858,7.653061224489796,1
0.6753246753246753,42,0.5882352941176471,8.0,12.527297297297299,2.232142857142857,2.232142857142857,0.0,0.0,22.321428571428573,8.928571428571429,1
0.6796116504854369,52,0.15384615384615385,7.0,12.44183673469388,1.8832391713747645,3.766478342749529,0.0,0.0,20.715630885122412,3.766478342749529,1
0.75,40,0.2857142857142857,7.5,12.677419354838708,0.0,0.0,0.0,2.7624309392265194,24.861878453038674,5.524861878453039,1
0.7662337662337663,50,0.46153846153846156,5.666666666666667,10.837333333333333,0.0,4.901960784313726,0.0,0.0,19.607843137254903,9.803921568627452,1
0.7023809523809523,46,0.3333333333333333,10.0,17.370903614457834,2.2727272727272725,0.0,0.0,0.0,15.909090909090908,4.545454545454545,1
0.6627906976744186,41,0.6153846153846154,5.6,5.199999999999999,4.962779156327543,0.0,2.4813895781637716,2.4813895781637716,14.88833746898263,12.40694789081886,1
0.7092198581560284,79,0.2857142857142857,4.222222222222222,7.212862318840582,2.5510204081632653,0.0,6.377551020408164,0.0,25.510204081632654,7.653061224489796,1
0.8227848101265823,55,0.21052631578947367,12.0,12.846216216216217,0.0,0.0,0.0,2.155172413793103,23.706896551724135,6.4655172413793105,1
0.7232142857142857,68,0.7857142857142857,9.0,14.048716216216217,4.622496147919877,0.0,0.0,0.0,20.03081664098613,6.163328197226503,1
0.7304964539007093,82,0.4074074074074074,11.333333333333334,14.294285714285717,3.5971223021582737,0.0,0.0,1.199040767386091,17.985611510791365,5.995203836930456,1
0.6764705882352942,68,0.48,11.0,16.62731481481482,3.541912632821724,0.0,0.0,0.0,23.612750885478157,4.7225501770956315,1
0.7102803738317757,65,0.6842105263157895,11.0,18.005094339622648,3.1298904538341157,0.0,0.0,1.5649452269170578,9.389671361502348,6.259780907668231,1
0.8028169014084507,48,0.18181818181818182,8.333333333333334,7.587529411764709,0.0,4.68384074941452,2.34192037470726,0.0,18.73536299765808,9.36768149882904,1
0.6835443037974683,86,0.76,7.666666666666667,20.07732484076433,3.5671819262782405,0.0,0.0,1.1890606420927465,19.024970273483945,3.5671819262782405,1
0.7058823529411765,46,0.375,6.5,8.662205882352943,2.1834061135371177,0.0,2.1834061135371177,0.0,15.283842794759824,8.73362445414847,1
0.7764705882352941,55,0.9090909090909091,5.5,9.176190476190474,2.1052631578947367,0.0,0.0,0.0,12.631578947368421,6.315789473684211,1
0.7424242424242424,39,0.5,4.6,3.25,3.105590062111801,0.0,0.0,0.0,18.633540372670808,15.527950310559007,1
0.7345132743362832,70,0.5238095238095238,10.0,15.599115044247785,3.1595576619273302,0.0,0.0,1.5797788309636651,15.79778830963665,4.739336492890995,1
0.6836734693877551,50,0.6428571428571429,4.833333333333333,6.286134020618558,0.0,0.0,0.0,0.0,19.193857965451055,9.596928982725528,1
0.6776315789473685,79,0.4583333333333333,11.0,21.216666666666665,1.194743130227001,0.0,0.0,0.0,15.531660692951014,3.5842293906810037,1
0.6462585034013606,73,0.5,11.5,15.230258620689657,2.4968789013732833,2.4968789013732833,0.0,1.2484394506866416,13.732833957553058,4.9937578027465666,1
0.695364238410596,89,0.46875,7.0,11.52866666666667,5.995203836930456,0.0,0.0,1.199040767386091,16.786570743405274,5.995203836930456,1
0.6727272727272727,58,0.5909090909090909,8.0,16.150000000000002,4.724409448818897,0.0,0.0,0.0,20.47244094488189,3.149606299212598,1
0.7203389830508474,73,0.72,6.8,8.714000000000002,4.470938897168406,0.0,0.0,0.0,10.432190760059614,7.451564828614009,1
0.7777777777777778,53,0.9333333333333333,7.0,11.984444444444446,2.127659574468085,0.0,0.0,0.0,12.76595744680851,6.382978723404255,1
0.7416666666666667,77,0.8666666666666667,5.6,10.879999999999999,1.5082956259426847,0.0,0.0,1.5082956259426847,18.09954751131222,9.04977375565611,1
0.7623762376237624,66,0.5,7.25,9.912945544554457,7.142857142857142,0.0,0.0,1.7857142857142856,12.5,7.142857142857142,1
0.6875,43,0.5555555555555556,13.0,31.687500000000004,6.83371298405467,0.0,0.0,2.277904328018223,18.223234624145785,2.277904328018223,1
0.654320987654321,35,1.0,7.25,7.242175324675326,7.159904534606206,7.159904534606206,2.3866348448687353,0.0,16.706443914081145,9.546539379474941,1
0.6544117647058824,64,0.47058823529411764,6.142857142857143,6.7578038379530945,7.288629737609329,0.0,4.373177842565598,0.0,16.034985422740526,8.746355685131196,1
0.7403846153846154,62,0.9,5.25,8.529615384615386,3.2206119162640903,0.0,0.0,1.6103059581320451,17.713365539452496,8.051529790660224,1
0.7578947368421053,60,0.25,7.333333333333333,9.14095744680851,1.9801980198019802,0.0,0.0,5.9405940594059405,21.78217821782178,9.900990099009901,1
0.7692307692307693,52,0.4375,10.0,29.88684210526316,0.0,0.0,0.0,4.854368932038835,24.271844660194173,2.4271844660194173,1
0.6666666666666666,36,0.3333333333333333,10.0,27.888732394366198,7.792207792207792,0.0,0.0,0.0,20.77922077922078,2.5974025974025974,1
0.6691176470588235,73,0.4482758620689655,7.666666666666667,18.20910447761194,1.36986301369863,0.0,0.0,2.73972602739726,20.54794520547945,4.10958904109589,1
0.7297297297297297,44,0.21428571428571427,9.5,15.104864864864865,2.5,0.0,0.0,2.5,15.0,5.0,1
0.8,40,0.5454545454545454,6.0,8.903125,5.405405405405405,0.0,0.0,0.0,18.91891891891892,10.81081081081081,1
0.6991150442477876,63,0.30434782608695654,10.333333333333334,14.457500000000003,0.0,0.0,4.830917874396135,0.0,17.713365539452496,0.0,1
0.6964285714285714,65,0.23076923076923078,7.333333333333333,23.212500000000002,6.3191153238546605,0.0,6.3191153238546605,0.0,18.95734597156398,0.0,1
0.7864077669902912,69,0.5714285714285714,4.8,8.711961165048546,10.327022375215147,0.0,0.0,0.0,15.49053356282272,10.327022375215147,1
0.7534246575342466,45,0.2222222222222222,6.0,14.324452054794524,7.518796992481203,0.0,0.0,2.506265664160401,20.050125313283207,7.518796992481203,1
0.626984126984127,63,0.5,8.0,23.96412698412698,11.379800853485065,0.0,0.0,1.4224751066856332,7.112375533428165,2.8449502133712663,1
0.7538461538461538,42,0.2222222222222222,4.666666666666667,4.870031746031746,5.46448087431694,5.46448087431694,5.46448087431694,2.73224043715847,2.73224043715847,13.66120218579235,1
0.6474358974358975,76,0.7,8.25,15.439285714285717,2.3837902264600714,1.1918951132300357,1.1918951132300357,0.0,16.6865315852205,3.575685339690107,1
0.8115942028985508,48,0.18181818181818182,6.333333333333333,5.789999999999999,5.58659217877095,0.0,0.0,0.0,11.1731843575419,11.1731843575419,1
0.8115942028985508,48,0.3333333333333333,5.75,7.5548913043478265,0.0,0.0,0.0,0.0,21.844660194174757,12.135922330097086,1
0.7424242424242424,42,0.5555555555555556,8.0,15.33757575757576,7.894736842105264,0.0,0.0,0.0,5.263157894736842,2.631578947368421,1
0.735632183908046,53,0.6923076923076923,6.666666666666667,12.5383908045977,2.079002079002079,0.0,0.0,0.0,18.711018711018713,6.237006237006238,1
0.7294117647058823,50,0.5333333333333333,6.666666666666667,11.063333333333336,2.136752136752137,0.0,0.0,2.136752136752137,21.367521367521366,6.41025641025641,1
0.7058823529411765,46,0.3125,7.0,10.78238095238095,0.0,0.0,0.0,4.484304932735426,15.695067264573991,6.72645739910314,1
0.7777777777777778,46,0.2727272727272727,9.0,13.940362318840581,5.115089514066496,5.115089514066496,0.0,0.0,10.230179028132993,5.115089514066496,1
0.7714285714285715,45,0.4,8.0,10.139420289855078,0.0,0.0,0.0,0.0,17.3697270471464,7.444168734491315,1
0.8125,44,0.5,7.0,8.333333333333332,6.042296072507553,0.0,0.0,3.0211480362537766,12.084592145015106,9.06344410876133,1
0.7441860465116279,52,0.47368421052631576,6.333333333333333,13.451428571428576,4.056795131845842,0.0,0.0,0.0,10.141987829614605,6.085192697768763,1
0.6907216494845361,50,0.4666666666666667,8.0,12.347835051546394,2.004008016032064,0.0,0.0,0.0,16.03206412825651,6.012024048096192,1
0.7019867549668874,87,0.41379310344827586,8.333333333333334,15.083000000000002,1.2468827930174564,0.0,0.0,2.493765586034913,26.184538653366584,4.987531172069826,1
0.6229508196721312,52,0.3181818181818182,5.5,5.5218969555035144,1.6474464579901154,0.0,3.2948929159802307,0.0,26.359143327841846,8.237232289950576,1
0.7575757575757576,41,0.5454545454545454,6.0,6.364060606060608,5.333333333333333,0.0,5.333333333333333,0.0,16.0,8.0,1
0.7288135593220338,68,0.55,7.333333333333333,16.059316239316242,4.658385093167702,0.0,0.0,1.5527950310559004,23.291925465838506,4.658385093167702,1
0.7553191489361702,59,0.5882352941176471,7.333333333333333,12.362608695652174,5.338078291814947,0.0,0.0,0.0,10.676156583629894,8.896797153024911,1
0.697986577181208,86,0.6,11.5,30.970000000000002,4.514672686230248,0.0,0.0,0.0,18.05869074492099,2.257336343115124,1
0.65,90,0.675,7.142857142857143,10.33592976855547,4.040404040404041,0.0,0.0,0.0,16.161616161616163,7.070707070707071,1
0.8333333333333334,61,0.6923076923076923,7.0,11.618780487804877,0.0,0.0,0.0,0.0,18.59504132231405,8.264462809917356,1
0.7083333333333334,55,0.32,7.25,10.398983516483515,3.7313432835820897,0.0,0.0,1.8656716417910448,16.791044776119403,7.462686567164179,1
0.8082191780821918,52,0.35714285714285715,6.0,15.779246575342466,2.4813895781637716,0.0,0.0,0.0,24.81389578163772,4.962779156327543,1
0.6813186813186813,50,0.5714285714285714,5.75,9.180555555555557,8.097165991902834,0.0,0.0,0.0,20.242914979757085,8.097165991902834,1
0.7432432432432432,42,0.375,5.0,8.124657534246577,2.6954177897574128,0.0,2.6954177897574128,0.0,18.867924528301884,2.6954177897574128,1
0.6785714285714286,44,0.07692307692307693,6.25,9.915443037974686,0.0,9.09090909090909,6.8181818181818175,4.545454545454545,18.18181818181818,2.2727272727272725,1
0.7241379310344828,47,0.06666666666666667,6.0,9.397325581395354,8.23045267489712,0.0,0.0,0.0,16.46090534979424,6.172839506172839,1
0.8082191780821918,50,0.3333333333333333,10.0,14.971027397260276,4.88997555012225,0.0,0.0,0.0,22.004889975550125,4.88997555012225,1
0.7619047619047619,41,0.0,10.0,14.675952380952381,8.474576271186441,0.0,0.0,0.0,14.124293785310734,5.649717514124294,1
0.6697247706422018,56,0.391304347826087,6.4,8.785851851851856,3.442340791738382,0.0,0.0,0.0,12.048192771084338,8.605851979345955,1
0.7238095238095238,60,0.36363636363636365,7.75,9.574830097087382,3.5650623885918002,0.0,0.0,0.0,10.695187165775401,7.1301247771836005,1
0.7872340425531915,65,0.35294117647058826,7.666666666666667,16.166666666666668,3.3783783783783785,0.0,0.0,0.0,15.202702702702704,5.0675675675675675,1
0.7733333333333333,48,0.4666666666666667,7.0,8.527702702702705,4.878048780487805,0.0,0.0,0.0,21.95121951219512,9.75609756097561,1
0.7567567567567568,66,0.47368421052631576,9.0,16.061621621621622,6.259780907668231,0.0,0.0,3.1298904538341157,6.259780907668231,7.82472613458529,1
0.7701149425287356,57,0.6,6.5,9.032729885057474,6.160164271047228,0.0,2.053388090349076,0.0,16.42710472279261,6.160164271047228,1
0.6381578947368421,68,0.5416666666666666,7.0,13.509312080536912,3.896103896103896,2.5974025974025974,2.5974025974025974,2.5974025974025974,18.18181818181818,2.5974025974025974,1
0.7681159420289855,42,1.1428571428571428,6.333333333333333,8.173529411764708,10.840108401084011,0.0,0.0,0.0,21.680216802168022,8.130081300813009,1
0.6933333333333334,40,0.25,6.333333333333333,14.611,0.0,0.0,0.0,0.0,31.862745098039213,7.352941176470588,1
0.7479674796747967,74,0.45,4.5,13.095182926829267,4.310344827586206,0.0,4.310344827586206,0.0,14.367816091954023,2.8735632183908044,1
0.743801652892562,70,0.5,6.6,9.208333333333332,4.672897196261682,0.0,0.0,0.0,14.018691588785046,7.788161993769471,1
0.7,46,0.3076923076923077,7.333333333333333,11.056666666666668,4.576659038901602,0.0,2.288329519450801,2.288329519450801,16.018306636155607,4.576659038901602,1
0.65,37,0.6363636363636364,6.5,15.7925,9.569377990430622,0.0,0.0,0.0,21.5311004784689,4.784688995215311,1
0.7846153846153846,43,0.3333333333333333,5.666666666666667,8.290769230769232,2.9585798816568047,0.0,0.0,0.0,14.792899408284024,5.9171597633136095,1
0.703125,71,0.35,7.4,8.677400000000002,3.0534351145038165,0.0,0.0,0.0,21.37404580152672,7.633587786259541,1
0.8235294117647058,48,0.5555555555555556,7.0,13.149626865671646,5.333333333333333,0.0,0.0,0.0,10.666666666666666,5.333333333333333,1
0.7681159420289855,44,0.3125,6.5,17.0186231884058,0.0,0.0,0.0,2.4390243902439024,21.95121951219512,4.878048780487805,1
0.7387387387387387,65,0.3793103448275862,10.333333333333334,11.817316513761465,3.1446540880503147,0.0,0.0,0.0,17.29559748427673,9.433962264150942,1
0.6902654867256637,59,0.48,6.571428571428571,6.507045454545455,4.754358161648177,0.0,1.5847860538827259,0.0,9.508716323296355,11.093502377179082,1
0.6511627906976745,40,0.32142857142857145,5.0,10.328088235294121,8.0,0.0,0.0,0.0,14.0,10.0,1
0.8589743589743589,59,0.3333333333333333,8.5,10.307110389610393,4.444444444444445,0.0,0.0,0.0,22.22222222222222,8.88888888888889,1
0.7910447761194029,47,0.6363636363636364,8.0,13.90727272727273,0.0,0.0,0.0,0.0,22.284122562674096,8.356545961002785,1
0.7934782608695652,62,0.45454545454545453,8.333333333333334,10.139642857142857,1.8832391713747645,0.0,0.0,1.8832391713747645,22.598870056497177,7.532956685499058,1
0.8,41,0.14285714285714285,11.0,13.810000000000006,0.0,0.0,0.0,0.0,26.470588235294116,5.88235294117647,1
0.6910569105691057,69,0.44,9.333333333333334,18.531707317073174,1.4144271570014144,0.0,0.0,1.4144271570014144,18.38755304101839,4.243281471004243,1
0.7096774193548387,51,0.36363636363636365,6.75,13.144166666666667,3.5971223021582737,0.0,0.0,1.7985611510791368,14.388489208633095,8.992805755395683,1
0.7857142857142857,66,0.3684210526315789,9.0,14.780824742268042,3.629764065335753,0.0,0.0,1.8148820326678765,16.33393829401089,5.44464609800363,1
0.75,48,0.3333333333333333,5.0,7.786021126760563,7.518796992481203,0.0,0.0,0.0,10.025062656641603,10.025062656641603,1
0.7272727272727273,56,0.4375,6.4,9.25022680412371,5.44464609800363,0.0,0.0,0.0,19.96370235934664,10.88929219600726,1
0.7230769230769231,36,0.46153846153846156,7.333333333333333,7.746153846153849,2.923976608187134,0.0,0.0,0.0,20.46783625730994,8.771929824561402,1
0.6880733944954128,56,0.3333333333333333,9.0,16.29570093457944,0.0,0.0,0.0,4.885993485342019,21.172638436482085,6.514657980456026,1
0.8405797101449275,50,0.9090909090909091,7.0,10.139420289855078,0.0,0.0,0.0,0.0,24.06417112299465,8.02139037433155,1
0.7619047619047619,56,0.23076923076923078,6.0,5.38520481927711,2.3866348448687353,0.0,0.0,0.0,21.479713603818613,11.933174224343675,1
0.7625,50,0.36363636363636365,5.666666666666667,11.330000000000002,4.3763676148796495,0.0,0.0,0.0,13.129102844638949,6.564551422319474,1
0.5962732919254659,72,0.3,10.0,17.35275157232704,3.370786516853933,0.0,0.0,0.0,12.359550561797754,5.617977528089887,1
0.7906976744186046,62,0.7,6.0,12.74904761904762,0.0,0.0,0.0,0.0,26.31578947368421,8.097165991902834,1
0.7096774193548387,71,0.4230769230769231,9.0,13.231229508196723,4.189944134078212,2.793296089385475,0.0,0.0,23.743016759776534,5.58659217877095,1
0.6931818181818182,99,0.3488372093023256,10.333333333333334,24.470000000000002,2.0,0.0,0.0,5.0,16.0,3.0,1
0.6403508771929824,61,0.25925925925925924,7.25,13.225000000000005,6.097560975609756,0.0,0.0,0.0,15.24390243902439,6.097560975609756,1
0.7721518987341772,54,0.3157894736842105,8.0,17.6225641025641,0.0,0.0,0.0,2.155172413793103,17.241379310344826,4.310344827586206,1
0.7301587301587301,39,0.23076923076923078,10.0,23.625483870967745,3.125,0.0,0.0,3.125,6.25,3.125,1
0.8870967741935484,49,0.4166666666666667,12.0,27.812580645161294,2.5974025974025974,0.0,0.0,2.5974025974025974,18.18181818181818,5.194805194805195,1
0.8666666666666667,44,0.7777777777777778,7.5,11.646666666666668,0.0,0.0,2.9069767441860463,0.0,26.16279069767442,2.9069767441860463,1
0.6260869565217392,51,0.5789473684210527,7.25,5.895741150442479,3.4364261168384878,0.0,0.0,5.154639175257732,25.773195876288657,15.463917525773196,1
0.68,56,0.3181818181818182,7.0,15.346,0.0,0.0,0.0,1.697792869269949,18.67572156196944,5.093378607809847,1
0.84375,47,0.2727272727272727,8.0,12.296774193548387,5.970149253731344,0.0,0.0,0.0,20.895522388059703,5.970149253731344,1
0.6403508771929824,55,0.1111111111111111,7.0,7.1585,10.56338028169014,0.0,0.0,0.0,14.084507042253522,8.802816901408452,1
0.7745098039215687,70,0.391304347826087,8.333333333333334,11.548589108910893,5.0675675675675675,0.0,0.0,0.0,15.202702702702704,6.756756756756757,1
0.7352941176470589,63,0.1,9.0,11.013823529411766,1.7391304347826089,0.0,0.0,0.0,13.913043478260871,6.9565217391304355,1
0.7738095238095238,56,0.3,7.0,13.824096385542173,5.905511811023622,0.0,0.0,1.968503937007874,13.779527559055119,5.905511811023622,1
0.8235294117647058,49,0.1,6.5,10.950000000000006,0.0,0.0,0.0,0.0,15.0,5.0,1
0.7125,98,0.5625,8.666666666666666,15.106151898734183,2.1668472372697725,0.0,0.0,2.1668472372697725,13.001083423618635,5.417118093174431,1
0.6835443037974683,95,0.3333333333333333,11.333333333333334,20.958823529411763,0.0,0.0,0.0,2.3391812865497075,16.374269005847953,4.678362573099415,1
0.627906976744186,35,0.14285714285714285,8.5,14.465000000000003,4.640371229698376,0.0,0.0,4.640371229698376,20.88167053364269,2.320185614849188,1
0.7610619469026548,71,0.55,9.0,13.451428571428576,4.511278195488722,0.0,0.0,1.5037593984962407,19.548872180451127,6.015037593984963,1
0.7790697674418605,58,0.15789473684210525,13.0,18.49,2.0,0.0,0.0,2.0,16.0,4.0,1
0.8333333333333334,55,0.23529411764705882,10.0,13.91605633802817,2.1598272138228944,0.0,0.0,6.479481641468682,12.958963282937365,6.479481641468682,1
0.6796875,70,0.4827586206896552,6.0,22.560000000000006,9.316770186335404,1.5527950310559004,3.105590062111801,0.0,20.18633540372671,0.0,1
0.8939393939393939,53,0.7142857142857143,8.0,7.02,5.797101449275362,2.898550724637681,2.898550724637681,2.898550724637681,26.08695652173913,5.797101449275362,1
0.6708860759493671,39,0.5,6.333333333333333,8.16266666666667,8.04289544235925,0.0,2.680965147453083,2.680965147453083,16.0857908847185,8.04289544235925,1
0.8372093023255814,65,0.5625,12.0,20.17571428571428,5.9880239520958085,0.0,0.0,1.996007984031936,23.952095808383234,3.992015968063872,1
0.7837837837837838,49,0.3333333333333333,6.666666666666667,7.332857142857144,2.941176470588235,0.0,0.0,0.0,20.58823529411765,11.76470588235294,1
0.7477477477477478,70,0.3333333333333333,7.0,12.96777777777778,3.0911901081916535,0.0,0.0,3.0911901081916535,10.819165378670787,6.182380216383307,1
0.7380952380952381,47,0.6,9.0,13.397590361445783,0.0,0.0,0.0,2.0161290322580645,18.145161290322584,8.064516129032258,1
0.7777777777777778,48,0.8333333333333334,5.25,4.782268656716418,5.524861878453039,0.0,2.7624309392265194,0.0,22.099447513812155,11.049723756906078,1
0.7142857142857143,64,0.4166666666666667,11.0,15.516538461538463,1.6611295681063123,0.0,0.0,0.0,14.950166112956811,4.983388704318936,1
0.719626168224299,58,0.6818181818181818,17.0,16.29570093457944,3.2679738562091503,0.0,0.0,3.2679738562091503,14.705882352941176,4.901960784313726,1
0.6571428571428571,48,0.4375,5.125,4.506530612244898,6.263048016701462,4.17536534446764,10.438413361169102,0.0,22.964509394572026,8.35073068893528,1
0.6929824561403509,65,0.12,7.333333333333333,15.912389380530971,0.0,0.0,0.0,6.3191153238546605,22.11690363349131,4.739336492890995,1
0.828125,47,0.3333333333333333,8.0,25.226250000000004,5.698005698005698,0.0,0.0,0.0,17.094017094017097,2.849002849002849,1
0.7313432835820896,42,0.11764705882352941,6.5,12.97350746268657,7.832898172323759,0.0,0.0,0.0,13.054830287206265,5.221932114882507,1
0.8253968253968254,48,0.3333333333333333,6.333333333333333,9.269841269841269,8.4985835694051,0.0,0.0,0.0,11.3314447592068,8.4985835694051,1
0.717391304347826,54,0.5384615384615384,8.0,14.967826086956524,3.7037037037037037,0.0,0.0,1.8518518518518519,20.370370370370374,5.555555555555555,1
0.7540983606557377,37,0.45454545454545453,10.0,24.836065573770494,8.571428571428571,0.0,0.0,2.857142857142857,5.714285714285714,2.857142857142857,1
0.7058823529411765,57,0.29411764705882354,6.0,8.90913725490196,10.638297872340425,0.0,0.0,1.7730496453900708,19.50354609929078,8.865248226950355,1
0.7692307692307693,41,0.05555555555555555,10.0,25.71903225806452,5.319148936170213,0.0,0.0,2.6595744680851063,18.617021276595743,2.6595744680851063,1
0.7638888888888888,45,0.29411764705882354,8.333333333333334,11.75549295774648,2.2624434389140275,0.0,0.0,2.2624434389140275,9.04977375565611,6.787330316742081,1
0.7710843373493976,54,0.6923076923076923,7.0,17.51307228915663,8.368200836820083,0.0,0.0,0.0,10.460251046025103,4.184100418410042,1
0.7560975609756098,52,0.2777777777777778,6.2,6.461333333333332,2.2727272727272725,0.0,0.0,0.0,11.363636363636363,11.363636363636363,1
0.6868686868686869,58,0.3888888888888889,12.0,37.081237113402054,1.8867924528301887,0.0,0.0,0.0,9.433962264150942,1.8867924528301887,1
0.7128712871287128,63,0.5454545454545454,9.0,21.58122448979592,0.0,3.442340791738382,0.0,0.0,13.769363166953529,3.442340791738382,1
0.7340425531914894,56,0.5714285714285714,5.2,7.056893617021277,0.0,0.0,4.140786749482402,0.0,18.633540372670808,8.281573498964804,1
0.704225352112676,39,0.2857142857142857,7.5,12.419999999999998,0.0,8.310249307479225,0.0,0.0,22.1606648199446,5.54016620498615,1
0.8235294117647058,50,0.09090909090909091,6.333333333333333,8.83538461538462,0.0,11.299435028248588,0.0,0.0,19.77401129943503,5.649717514124294,1
0.7195121951219512,45,0.4444444444444444,11.0,14.481543209876545,2.457002457002457,2.457002457002457,0.0,0.0,14.742014742014742,4.914004914004914,1
0.7090909090909091,95,0.27586206896551724,5.6,12.23,2.3696682464454977,0.0,0.0,1.1848341232227488,16.587677725118485,5.924170616113743,1
0.7523809523809524,66,0.3,6.666666666666667,12.26079207920792,3.795066413662239,0.0,0.0,0.0,30.36053130929791,5.692599620493358,1
0.7708333333333334,60,0.45454545454545453,6.666666666666667,18.3371052631579,0.0,0.0,0.0,0.0,26.819923371647512,5.747126436781609,1
0.8311688311688312,55,0.4166666666666667,5.8,4.932736842105264,2.6666666666666665,0.0,0.0,0.0,13.333333333333334,13.333333333333334,1
0.7121212121212122,37,0.25,5.6,6.904423076923077,0.0,0.0,2.923976608187134,0.0,2.923976608187134,5.847953216374268,1
0.6890756302521008,66,0.45,8.333333333333334,14.143076923076926,8.183306055646481,1.6366612111292964,1.6366612111292964,0.0,18.00327332242226,4.909983633387888,1
0.6941176470588235,46,0.5,6.0,8.990361445783133,7.832898172323759,0.0,0.0,0.0,15.665796344647518,7.832898172323759,1
0.6875,60,0.2,5.857142857142857,7.507142857142856,0.0,0.0,4.901960784313726,1.6339869281045751,13.071895424836601,4.901960784313726,1
0.703125,68,0.42857142857142855,10.0,16.52333333333333,0.0,2.9585798816568047,0.0,0.0,29.585798816568047,2.9585798816568047,1
0.7837837837837838,47,0.25,8.0,12.234594594594594,2.7624309392265194,0.0,2.7624309392265194,0.0,24.861878453038674,2.7624309392265194,1
0.7,58,0.38095238095238093,7.333333333333333,13.766326530612243,1.7953321364452424,0.0,0.0,0.0,14.362657091561939,5.3859964093357275,1
0.6585365853658537,36,0.75,6.25,6.584043209876544,4.88997555012225,2.444987775061125,2.444987775061125,0.0,17.114914425427873,7.334963325183374,1
0.8153846153846154,47,0.42857142857142855,14.0,13.668125,0.0,0.0,0.0,0.0,19.607843137254903,5.602240896358543,1
0.6057692307692307,44,0.16666666666666666,5.666666666666667,5.556237113402062,2.044989775051125,4.08997955010225,6.134969325153374,0.0,28.629856850715747,6.134969325153374,1
0.7313432835820896,79,0.5909090909090909,8.25,12.262195488721805,3.851091142490372,0.0,0.0,0.0,14.120667522464698,6.418485237483954,1
0.7857142857142857,75,0.7058823529411765,12.0,23.107142857142858,1.6155088852988693,0.0,0.0,0.0,24.232633279483036,3.2310177705977385,1
0.7352941176470589,40,0.36363636363636365,14.0,27.271343283582095,2.7472527472527473,0.0,0.0,0.0,10.989010989010989,2.7472527472527473,1
0.7654320987654321,49,0.5555555555555556,8.0,12.567160493827163,0.0,0.0,0.0,2.2026431718061676,15.418502202643172,6.607929515418502,1
0.8153846153846154,45,0.5,12.0,14.390322580645162,2.73224043715847,0.0,0.0,0.0,19.12568306010929,5.46448087431694,1
0.75,50,0.17647058823529413,9.0,10.811645569620254,2.2727272727272725,0.0,0.0,0.0,13.636363636363635,6.8181818181818175,1
0.7175572519083969,72,0.8888888888888888,5.571428571428571,6.790348837209304,1.5174506828528074,1.5174506828528074,3.0349013657056148,0.0,19.726858877086492,6.0698027314112295,1
0.7265625,77,0.36363636363636365,7.6,9.369753937007875,1.3054830287206267,0.0,0.0,0.0,9.138381201044387,10.443864229765014,1
0.7022900763358778,75,0.2962962962962963,10.666666666666666,13.661187500000004,2.5510204081632653,0.0,0.0,0.0,12.755102040816327,6.377551020408164,1
0.8032786885245902,44,0.3333333333333333,5.5,8.202295081967211,0.0,0.0,0.0,0.0,21.406727828746178,3.058103975535168,1
0.6861313868613139,71,0.35,6.5,11.547094890510948,1.364256480218281,0.0,0.0,0.0,17.735334242837656,8.185538881309686,1
0.6845637583892618,76,0.5882352941176471,5.833333333333333,9.08003861003861,3.745318352059925,0.0,0.0,0.0,19.975031210986266,8.739076154806492,1
0.7361111111111112,41,0.36363636363636365,7.5,13.69166666666667,2.6246719160104988,0.0,0.0,0.0,20.99737532808399,5.2493438320209975,1
0.8507462686567164,50,0.25,9.0,8.970746268656718,0.0,0.0,0.0,0.0,16.574585635359114,8.287292817679557,1
0.7642857142857142,91,0.5263157894736842,6.8,19.71309352517986,0.0,0.0,2.577319587628866,0.0,15.463917525773196,6.443298969072164,1
0.664804469273743,95,0.5277777777777778,11.5,18.12735714285714,1.0080645161290323,1.0080645161290323,0.0,2.0161290322580645,19.153225806451612,4.032258064516129,1
0.6762589928057554,69,0.3181818181818182,7.5,9.040213740458018,1.5267175572519083,0.0,1.5267175572519083,0.0,19.84732824427481,7.633587786259541,1
0.7473684210526316,56,0.125,8.5,14.455531914893623,1.8691588785046729,0.0,0.0,1.8691588785046729,18.69158878504673,5.607476635514018,1
0.6952380952380952,61,0.5333333333333333,14.5,14.640776699029129,0.0,0.0,0.0,0.0,20.16806722689076,5.04201680672269,1
0.7777777777777778,54,0.6923076923076923,9.0,19.133539325842694,5.639097744360902,0.0,0.0,0.0,15.037593984962406,3.7593984962406015,1
0.6518987341772152,78,0.2564102564102564,13.5,31.98675324675325,0.0,0.0,0.0,0.0,16.741071428571427,2.232142857142857,1
0.7142857142857143,50,0.6363636363636364,7.333333333333333,12.059780219780219,2.008032128514056,2.008032128514056,0.0,2.008032128514056,20.080321285140563,6.024096385542169,1
0.7464788732394366,42,0.5,7.5,17.108571428571434,0.0,2.347417840375587,0.0,0.0,14.084507042253522,7.042253521126761,1
0.654320987654321,38,0.4166666666666667,5.5,5.7049050632911396,8.086253369272237,0.0,0.0,0.0,10.781671159029651,10.781671159029651,1
0.78125,43,0.36363636363636365,8.5,11.866428571428575,0.0,0.0,0.0,0.0,17.647058823529413,5.88235294117647,1
0.76,45,0.7,10.0,31.596,2.3584905660377355,0.0,0.0,0.0,18.867924528301884,2.3584905660377355,1
0.8309859154929577,54,0.23076923076923078,4.0,25.510149253731345,2.7027027027027026,5.405405405405405,8.108108108108109,0.0,18.91891891891892,2.7027027027027026,1
0.8181818181818182,55,0.35,6.666666666666667,11.53842105263158,0.0,0.0,0.0,0.0,17.817371937639198,6.6815144766147,1
0.6105263157894737,38,0.7,5.2,6.93136170212766,2.150537634408602,2.150537634408602,0.0,0.0,17.204301075268816,10.752688172043012,1
0.7033898305084746,67,0.43478260869565216,12.0,17.16871794871795,2.932551319648094,0.0,0.0,0.0,20.527859237536656,5.865102639296188,1
0.6470588235294118,34,0.7,4.666666666666667,5.3401463414634165,2.331002331002331,2.331002331002331,2.331002331002331,0.0,25.64102564102564,11.655011655011656,1
0.7714285714285715,46,0.5555555555555556,5.5,6.137499999999999,6.079027355623101,0.0,0.0,0.0,18.2370820668693,12.158054711246201,1
0.6935483870967742,67,0.4090909090909091,7.6,9.20099115044248,3.1847133757961785,6.369426751592357,3.1847133757961785,0.0,19.108280254777068,4.777070063694267,1
0.7428571428571429,40,0.16666666666666666,5.333333333333333,4.754969696969699,5.830903790087463,0.0,2.9154518950437316,0.0,14.577259475218659,5.830903790087463,1
0.7121212121212122,36,0.6666666666666666,3.25,4.238333333333333,0.0,3.1847133757961785,25.477707006369428,0.0,12.738853503184714,9.554140127388534,1
0.8026315789473685,53,0.6153846153846154,14.0,16.971,0.0,0.0,0.0,0.0,11.547344110854503,4.618937644341801,1
0.648,60,0.6428571428571429,13.0,26.290000000000003,2.949852507374631,0.0,0.0,0.0,17.699115044247787,2.949852507374631,1
0.6617647058823529,67,0.22580645161290322,7.25,11.136969696969697,2.5974025974025974,0.0,0.0,1.2987012987012987,19.48051948051948,7.792207792207792,1
0.7070707070707071,59,0.4,8.5,20.401868686868685,0.0,0.0,0.0,0.0,12.727272727272728,3.6363636363636362,1
0.6938775510204082,57,0.24,10.0,38.644285714285715,1.9011406844106464,0.0,0.0,0.0,15.209125475285171,1.9011406844106464,1
0.6978021978021978,104,0.2916666666666667,9.25,19.20295454545455,3.875968992248062,0.9689922480620154,0.0,0.0,13.565891472868216,3.875968992248062,1
0.7641509433962265,66,0.29411764705882354,10.0,15.591428571428576,3.395585738539898,0.0,0.0,0.0,6.791171477079796,5.093378607809847,1
0.7692307692307693,43,0.6153846153846154,10.0,14.149615384615387,0.0,0.0,0.0,0.0,24.793388429752067,5.5096418732782375,1
0.6752136752136753,56,0.058823529411764705,4.8,9.868692660550462,0.0,0.0,3.663003663003663,0.0,14.652014652014651,5.4945054945054945,1
0.7833333333333333,40,0.1,9.5,12.629999999999999,0.0,0.0,0.0,0.0,12.195121951219512,6.097560975609756,1
0.6086956521739131,72,0.26666666666666666,8.5,17.44031645569621,0.0,0.0,0.0,0.0,18.784530386740332,4.419889502762431,1
0.7551020408163265,58,0.21428571428571427,6.5,34.94175824175824,2.004008016032064,2.004008016032064,0.0,2.004008016032064,16.03206412825651,2.004008016032064,1
0.7380952380952381,47,0.375,3.8,2.9519480519480545,2.5974025974025974,0.0,12.987012987012989,0.0,18.18181818181818,10.38961038961039,1
0.8260869565217391,49,0.8571428571428571,8.0,14.28239130434783,0.0,0.0,0.0,0.0,10.38961038961039,5.194805194805195,1
0.6451612903225806,78,0.27586206896551724,10.333333333333334,20.65032679738562,1.1723329425556857,2.3446658851113713,0.0,1.1723329425556857,17.584994138335286,3.5169988276670576,1
0.7307692307692307,58,0.29411764705882354,6.666666666666667,15.099029126213594,1.6863406408094435,1.6863406408094435,1.6863406408094435,0.0,11.804384485666104,3.372681281618887,1
0.7007874015748031,70,0.5714285714285714,6.25,13.552142857142858,0.0,1.358695652173913,0.0,0.0,20.380434782608695,5.434782608695652,1
0.8548387096774194,44,0.2222222222222222,7.5,11.780409836065573,3.058103975535168,0.0,0.0,0.0,15.290519877675841,6.116207951070336,1
0.7043478260869566,64,0.17647058823529413,7.25,9.120252252252254,0.0,4.761904761904763,1.5873015873015872,0.0,22.22222222222222,6.349206349206349,1
0.828125,46,0.7142857142857143,6.5,10.393548387096775,6.289308176100629,3.1446540880503147,0.0,0.0,28.30188679245283,3.1446540880503147,1
0.828125,45,0.4166666666666667,6.333333333333333,8.26677419354839,2.865329512893983,0.0,0.0,0.0,14.326647564469916,8.595988538681949,1
0.6973684210526315,39,0.5,5.0,0.9002568493150704,2.865329512893983,5.730659025787966,2.865329512893983,0.0,17.191977077363898,20.05730659025788,1
0.6993006993006993,78,0.4230769230769231,7.6,13.114285714285717,0.0,2.3866348448687353,0.0,0.0,16.706443914081145,5.966587112171838,1
0.7837837837837838,49,0.5454545454545454,7.333333333333333,8.52,0.0,5.2493438320209975,0.0,0.0,23.62204724409449,7.874015748031496,1
0.8571428571428571,48,0.6363636363636364,6.0,8.895238095238096,5.58659217877095,0.0,0.0,5.58659217877095,16.75977653631285,5.58659217877095,1
0.7567567567567568,47,0.15789473684210525,6.0,9.14667808219178,2.293577981651376,0.0,0.0,0.0,11.46788990825688,9.174311926605505,1
0.7428571428571429,43,0.2857142857142857,7.5,13.905714285714286,2.688172043010753,0.0,0.0,2.688172043010753,10.752688172043012,2.688172043010753,1
0.7222222222222222,38,0.6363636363636364,6.0,7.383876811594202,0.0,5.263157894736842,0.0,2.631578947368421,18.421052631578945,10.526315789473683,1
0.7087378640776699,60,0.6,6.166666666666667,7.004705882352944,1.7543859649122808,0.0,0.0,1.7543859649122808,17.543859649122805,8.771929824561402,1
0.7523809523809524,62,0.30434782608695654,6.5,11.342307692307696,1.6750418760469012,0.0,0.0,3.3500837520938025,11.725293132328307,6.700167504187605,1
0.711864406779661,74,0.5185185185185185,8.0,15.572173913043482,1.488095238095238,0.0,0.0,0.0,13.392857142857142,4.464285714285714,1
0.6883116883116883,46,0.2608695652173913,8.666666666666666,7.20695205479452,0.0,4.854368932038835,0.0,4.854368932038835,12.135922330097086,9.70873786407767,1
0.859375,49,0.45454545454545453,10.0,15.34193548387097,2.5706940874035986,5.141388174807197,0.0,0.0,10.282776349614394,5.141388174807197,1
0.6928571428571428,76,0.38461538461538464,7.5,13.821428571428573,2.638522427440633,0.0,0.0,2.638522427440633,18.469656992084435,5.277044854881266,1
0.7070707070707071,56,0.375,10.5,20.617959183673467,0.0,0.0,0.0,0.0,14.625228519195613,3.656307129798903,1
0.7704918032786885,39,0.15384615384615385,5.25,4.285368852459019,0.0,0.0,0.0,0.0,20.202020202020204,13.468013468013467,1
0.7878787878787878,44,0.5833333333333334,9.5,13.013333333333335,0.0,0.0,0.0,0.0,8.450704225352112,5.633802816901409,1
0.8243243243243243,54,0.8333333333333334,9.0,12.547957746478875,0.0,0.0,0.0,0.0,24.258760107816713,2.6954177897574128,1
0.7903225806451613,44,0.4444444444444444,5.0,8.076451612903227,2.9585798816568047,0.0,5.9171597633136095,0.0,20.710059171597635,5.9171597633136095,1
0.6716417910447762,34,0.0,5.333333333333333,8.544545454545453,0.0,5.934718100890208,0.0,0.0,26.706231454005934,8.902077151335313,1
0.6547619047619048,36,0.6666666666666666,7.0,29.9175,2.4813895781637716,4.962779156327543,0.0,2.4813895781637716,32.25806451612903,2.4813895781637716,1
0.6518518518518519,72,0.3076923076923077,9.666666666666666,20.234477611940296,0.0,0.0,0.0,0.0,12.78772378516624,3.8363171355498724,1
0.6953125,69,0.5555555555555556,7.25,8.546516129032259,6.033182503770739,1.5082956259426847,0.0,0.0,19.607843137254903,6.033182503770739,1
0.7692307692307693,48,0.3,5.5,5.096720779220778,0.0,2.73972602739726,0.0,5.47945205479452,13.698630136986301,8.21917808219178,1
0.7948717948717948,54,0.42857142857142855,3.857142857142857,2.857894736842102,0.0,2.73224043715847,0.0,0.0,30.054644808743166,16.393442622950822,1
0.8125,46,0.35714285714285715,7.0,14.675952380952381,0.0,0.0,0.0,0.0,20.887728459530027,5.221932114882507,1
0.7755102040816326,64,0.375,10.0,37.33749999999999,7.751937984496124,0.0,0.0,0.0,17.441860465116278,1.937984496124031,1
0.7941176470588235,48,0.6,7.0,11.404242424242426,0.0,0.0,0.0,0.0,17.543859649122805,5.847953216374268,1
0.7395833333333334,63,0.4166666666666667,6.0,20.830000000000002,10.714285714285714,0.0,0.0,0.0,8.928571428571429,3.571428571428571,1
0.7674418604651163,56,0.13333333333333333,7.5,17.64511627906977,2.1052631578947367,0.0,0.0,0.0,21.052631578947366,4.2105263157894735,1
0.6595744680851063,67,0.3684210526315789,7.25,9.854764705882356,4.120879120879121,5.4945054945054945,0.0,0.0,19.230769230769234,4.120879120879121,1
0.7619047619047619,53,0.46153846153846156,6.0,9.362222222222226,2.3640661938534278,0.0,0.0,0.0,16.548463356973993,7.092198581560283,1
0.5825242718446602,48,0.2727272727272727,6.666666666666667,8.100489690721648,0.0,12.170385395537526,0.0,0.0,20.28397565922921,6.085192697768763,1
0.7222222222222222,65,0.2692307692307692,9.0,21.110188679245287,6.600660066006601,0.0,0.0,1.6501650165016502,19.801980198019802,3.3003300330033003,1
0.6458333333333334,48,0.3333333333333333,5.5,3.8755263157894753,2.1052631578947367,0.0,6.315789473684211,0.0,31.578947368421055,8.421052631578947,1
0.7387387387387387,64,0.5,7.25,9.471481481481483,1.7953321364452424,5.3859964093357275,1.7953321364452424,0.0,21.54398563734291,5.3859964093357275,1
0.828125,46,0.45454545454545453,8.0,24.06229508196721,2.793296089385475,5.58659217877095,0.0,2.793296089385475,16.75977653631285,2.793296089385475,1
0.7419354838709677,59,0.5,5.0,6.864359550561801,0.0,4.048582995951417,2.0242914979757085,0.0,22.267206477732792,10.121457489878543,1
0.6310679611650486,48,0.5714285714285714,6.6,6.541465346534654,5.836575875486381,3.8910505836575875,1.9455252918287937,0.0,13.618677042801556,7.782101167315175,1
0.6981132075471698,62,0.2222222222222222,5.5,5.549056603773586,3.6166365280289328,0.0,1.8083182640144664,0.0,21.699819168173597,9.041591320072333,1
0.796875,46,0.21428571428571427,6.333333333333333,7.664375000000003,2.9069767441860463,0.0,0.0,2.9069767441860463,29.069767441860463,8.720930232558139,1
0.6293103448275862,57,0.26666666666666666,9.0,22.534130434782615,6.25,0.0,0.0,0.0,15.625,3.125,1
0.7121212121212122,37,0.5,9.0,24.06229508196721,0.0,11.799410029498524,0.0,0.0,20.64896755162242,2.949852507374631,1
0.711864406779661,68,0.42105263157894735,5.833333333333333,8.992141592920358,1.594896331738437,4.784688995215311,0.0,0.0,20.73365231259968,7.974481658692184,1
0.6557377049180327,33,0.5,6.0,5.6875409836065565,0.0,0.0,0.0,0.0,22.80130293159609,9.771986970684038,1
0.8028169014084507,52,0.3684210526315789,7.0,13.677985074626868,0.0,0.0,0.0,0.0,23.4375,5.208333333333333,1
0.686046511627907,44,0.6666666666666666,12.0,33.082682926829264,6.4655172413793105,6.4655172413793105,0.0,0.0,12.931034482758621,2.155172413793103,1
0.7951807228915663,56,0.2413793103448276,14.5,17.832160493827164,0.0,0.0,0.0,0.0,27.944111776447105,3.992015968063872,1
0.625,67,0.28,7.0,11.294285714285717,0.0,2.2962112514351323,1.1481056257175661,0.0,40.18369690011481,5.7405281285878305,1
0.6594202898550725,71,0.12195121951219512,5.571428571428571,7.06943793911007,0.0,0.0,4.201680672268908,0.0,26.61064425770308,5.602240896358543,1
0.7127659574468085,59,0.23529411764705882,9.5,18.63913043478261,1.9047619047619047,0.0,0.0,0.0,20.952380952380953,3.8095238095238093,1
0.6706586826347305,92,0.3870967741935484,7.0,10.439242424242426,2.2598870056497176,1.1299435028248588,0.0,2.2598870056497176,11.299435028248588,6.779661016949152,1
0.6074766355140186,41,0.2631578947368421,5.8,7.520901960784315,1.7857142857142856,5.357142857142857,0.0,0.0,23.214285714285715,8.928571428571429,1
0.8524590163934426,47,0.5454545454545454,6.0,6.763333333333335,6.097560975609756,3.048780487804878,0.0,0.0,12.195121951219512,9.146341463414634,1
0.6357615894039735,71,0.19047619047619047,5.888888888888889,6.2725170068027225,0.0,2.4813895781637716,0.0,1.2406947890818858,18.610421836228287,11.166253101736972,1
0.7472527472527473,59,0.2916666666666667,7.666666666666667,12.498888888888889,2.032520325203252,0.0,0.0,0.0,14.227642276422763,6.097560975609756,1
0.6993006993006993,88,0.2631578947368421,6.125,6.699818840579713,0.0,5.082592121982211,1.2706480304955527,0.0,15.247776365946633,8.89453621346887,1
0.6793893129770993,70,0.2,6.666666666666667,7.9409375,1.3908205841446453,0.0,0.0,1.3908205841446453,22.253129346314324,8.344923504867872,1
0.7692307692307693,40,0.125,4.75,6.1782692307692315,0.0,0.0,0.0,2.932551319648094,14.66275659824047,11.730205278592376,1
0.7746478873239436,43,0.5,7.5,14.966449275362319,2.512562814070352,0.0,0.0,0.0,12.56281407035176,5.025125628140704,1
0.6896551724137931,44,0.23529411764705882,6.25,5.641860465116281,0.0,0.0,0.0,0.0,21.645021645021643,12.987012987012989,1
0.7529411764705882,54,1.1,4.25,4.277478991596642,0.0,0.0,2.293577981651376,0.0,16.055045871559635,16.055045871559635,1
0.6597938144329897,42,0.2727272727272727,5.75,10.192499999999999,3.898635477582846,3.898635477582846,0.0,0.0,11.695906432748536,9.746588693957115,1
0.7349397590361446,50,0.15384615384615385,6.25,6.949060240963856,0.0,0.0,0.0,0.0,32.89473684210526,10.964912280701753,1
0.6242424242424243,74,0.4,9.0,30.455443037974685,4.645760743321719,4.645760743321719,0.0,1.1614401858304297,13.937282229965156,2.3228803716608595,1
0.7153846153846154,74,0.5217391304347826,7.2,11.356500000000004,2.6666666666666665,0.0,0.0,0.0,14.666666666666666,6.666666666666667,1
0.7303370786516854,50,0.23076923076923078,8.0,11.36906976744186,0.0,2.1691973969631237,0.0,0.0,23.86117136659436,6.507592190889371,1
0.8307692307692308,47,0.8181818181818182,10.5,8.647419354838707,2.7472527472527473,2.7472527472527473,0.0,0.0,24.725274725274723,8.241758241758243,1
0.75,51,0.3333333333333333,4.714285714285714,4.8056475903614455,0.0,0.0,0.0,0.0,17.505470459518598,17.505470459518598,1
0.6923076923076923,83,0.3870967741935484,7.25,13.458198675496693,4.587155963302752,5.73394495412844,0.0,0.0,16.055045871559635,5.73394495412844,1
0.6338797814207651,89,0.5666666666666667,5.285714285714286,14.416,2.0986358866736623,6.295907660020987,1.0493179433368311,0.0,17.838405036726126,5.246589716684155,1
0.7857142857142857,63,0.2,5.333333333333333,8.642916666666668,1.9047619047619047,3.8095238095238093,0.0,0.0,20.952380952380953,7.619047619047619,1
0.7024793388429752,67,0.375,6.833333333333333,7.550000000000001,0.0,3.2,0.0,0.0,12.8,9.6,1
0.7681159420289855,45,0.0,6.0,9.79739130434783,2.6041666666666665,0.0,2.6041666666666665,0.0,13.020833333333334,7.8125,1
0.8461538461538461,49,0.7777777777777778,5.6,6.181538461538462,0.0,0.0,0.0,0.0,11.049723756906078,16.574585635359114,1
0.8309859154929577,49,0.23076923076923078,6.2,6.235323943661971,0.0,0.0,0.0,0.0,17.811704834605596,12.72264631043257,1
0.8157894736842105,81,0.4166666666666667,5.333333333333333,7.598928571428576,0.0,0.0,0.0,1.607717041800643,14.469453376205788,8.038585209003214,1
0.6986301369863014,44,0.6,16.0,29.052112676056343,0.0,0.0,0.0,0.0,16.867469879518072,2.4096385542168677,1
0.631578947368421,53,0.38095238095238093,8.0,12.2925,11.11111111111111,0.0,0.0,0.0,12.698412698412698,6.349206349206349,1
0.7377049180327869,77,0.5,8.0,13.023333333333337,0.0,2.898550724637681,0.0,1.4492753623188406,15.942028985507246,5.797101449275362,1
0.8,51,0.6428571428571429,15.0,29.206666666666667,0.0,0.0,0.0,0.0,15.228426395939087,2.5380710659898473,1
0.65,69,0.19047619047619047,7.0,12.14471014492754,4.126547455295736,0.0,1.375515818431912,0.0,16.506189821182943,4.126547455295736,1
0.7391304347826086,41,0.14285714285714285,6.666666666666667,7.826470588235299,2.890173410404624,0.0,0.0,0.0,17.341040462427745,8.670520231213873,1
0.7625,53,0.5,7.0,8.542879746835446,0.0,0.0,0.0,0.0,13.66742596810934,9.111617312072893,1
0.85,45,0.375,6.0,7.15666666666667,3.048780487804878,0.0,0.0,0.0,21.34146341463415,9.146341463414634,1
0.5961538461538461,44,0.42857142857142855,3.909090909090909,3.279404761904761,2.136752136752137,4.273504273504274,10.683760683760683,0.0,12.82051282051282,12.82051282051282,1
0.6829268292682927,66,0.48148148148148145,6.333333333333333,8.170867768595041,2.898550724637681,2.898550724637681,0.0,0.0,13.043478260869565,8.695652173913043,1
0.6989247311827957,52,0.22727272727272727,9.0,12.233333333333334,1.996007984031936,0.0,1.996007984031936,0.0,17.964071856287426,3.992015968063872,1
0.6756756756756757,63,0.24,5.5,21.36224770642202,8.389261744966444,0.0,0.0,1.6778523489932886,10.06711409395973,3.3557046979865772,1
0.6984126984126984,33,0.18181818181818182,4.4,2.7589032258064528,0.0,0.0,0.0,0.0,23.56902356902357,16.835016835016834,1
0.7346938775510204,61,0.2777777777777778,9.0,18.166237113402065,2.0,0.0,0.0,0.0,18.0,4.0,1
0.7411764705882353,50,0.42857142857142855,6.333333333333333,11.203809523809525,4.273504273504274,0.0,0.0,0.0,8.547008547008549,6.41025641025641,1
0.624,56,0.1935483870967742,8.0,11.560223577235774,4.580152671755726,1.5267175572519083,0.0,0.0,10.68702290076336,6.106870229007633,1
0.7878787878787878,45,0.21428571428571427,9.0,27.671212121212125,2.6737967914438503,0.0,0.0,0.0,18.71657754010695,2.6737967914438503,1
0.6938775510204082,56,0.3,9.0,18.330204081632655,0.0,0.0,0.0,0.0,9.881422924901186,3.952569169960474,1
0.6818181818181818,47,0.29411764705882354,15.0,34.08,0.0,2.1321961620469083,0.0,0.0,10.660980810234541,2.1321961620469083,1
0.7142857142857143,40,0.375,5.8,4.958388059701495,2.73972602739726,0.0,0.0,0.0,13.698630136986301,13.698630136986301,1
0.7974683544303798,55,0.16666666666666666,6.666666666666667,11.43038961038961,2.2222222222222223,0.0,0.0,0.0,17.77777777777778,4.444444444444445,1
0.8208955223880597,49,0.6363636363636364,8.0,7.7968750000000036,0.0,0.0,0.0,2.6525198938992043,18.56763925729443,13.262599469496022,1
0.7024793388429752,74,0.4090909090909091,10.5,16.71851239669422,2.976190476190476,0.0,0.0,0.0,7.44047619047619,4.464285714285714,1
0.7395833333333334,53,0.3125,10.0,10.192499999999999,0.0,0.0,0.0,3.6036036036036037,12.612612612612612,7.207207207207207,1
0.8157894736842105,55,0.25,12.0,29.550666666666668,0.0,0.0,0.0,2.4330900243309004,19.464720194647203,2.4330900243309004,1
0.7866666666666666,51,0.3076923076923077,7.333333333333333,6.454729729729731,5.154639175257732,0.0,10.309278350515465,0.0,20.61855670103093,0.0,1
0.5979381443298969,38,1.6666666666666667,6.666666666666667,10.298947368421057,6.6815144766147,4.4543429844097995,2.2271714922048997,0.0,20.0445434298441,4.4543429844097995,1
0.6444444444444445,91,0.4838709677419355,8.0,34.05257396449704,0.0,6.036217303822937,0.0,0.0,13.078470824949699,2.012072434607646,1
0.676056338028169,73,0.65,6.0,13.723457446808514,2.6525198938992043,1.3262599469496021,0.0,0.0,22.546419098143236,5.305039787798409,1
0.753968253968254,79,0.8,7.333333333333333,9.3382,1.3736263736263736,0.0,0.0,0.0,20.604395604395606,10.989010989010989,1
0.6583333333333333,57,0.21052631578947367,7.666666666666667,6.98,1.639344262295082,0.0,0.0,0.0,21.311475409836063,11.475409836065573,1
0.6870748299319728,81,0.3,6.666666666666667,11.073342465753427,4.0,1.3333333333333333,2.6666666666666665,0.0,18.666666666666668,8.0,1
0.6835443037974683,86,0.28125,5.333333333333333,9.482419354838708,4.807692307692308,2.403846153846154,0.0,0.0,19.230769230769234,7.211538461538462,1
0.7555555555555555,55,0.5454545454545454,5.8,8.131953488372094,5.847953216374268,3.898635477582846,0.0,1.949317738791423,17.543859649122805,9.746588693957115,1
0.6257668711656442,77,0.5,5.666666666666667,10.445,5.875440658049354,1.1750881316098707,1.1750881316098707,0.0,18.80141010575793,5.875440658049354,1
0.7126436781609196,50,0.17647058823529413,13.0,18.329022988505745,0.0,0.0,0.0,4.1928721174004195,12.578616352201259,4.1928721174004195,1
0.7888888888888889,57,0.3125,5.833333333333333,7.541986062717772,0.0,7.8431372549019605,3.9215686274509802,0.0,15.686274509803921,9.803921568627452,1
0.7105263157894737,44,0.625,7.666666666666667,9.971578947368421,2.336448598130841,0.0,0.0,2.336448598130841,23.36448598130841,7.009345794392523,1
0.7246376811594203,37,0.36363636363636365,6.333333333333333,8.087246376811596,2.865329512893983,0.0,0.0,0.0,22.922636103151863,5.730659025787966,1
0.7471264367816092,50,0.22727272727272727,7.0,11.147058823529413,4.246284501061571,4.246284501061571,0.0,4.246284501061571,27.60084925690021,6.369426751592357,1
0.6580645161290323,77,0.19230769230769232,5.6,8.916390728476824,4.938271604938271,3.7037037037037037,2.4691358024691357,2.4691358024691357,13.580246913580247,4.938271604938271,1
0.8360655737704918,44,0.46153846153846156,10.0,15.26237704918033,5.5096418732782375,0.0,0.0,5.5096418732782375,11.019283746556475,8.264462809917356,1
0.7534246575342466,45,0.2777777777777778,7.25,7.818888888888889,0.0,2.4752475247524752,0.0,4.9504950495049505,17.32673267326733,9.900990099009901,1
0.6776315789473685,88,0.3,8.25,15.299736842105265,2.3228803716608595,0.0,0.0,0.0,16.260162601626018,4.645760743321719,1
0.680327868852459,62,0.30434782608695654,6.6,10.945781512605041,0.0,2.894356005788712,0.0,2.894356005788712,13.024602026049203,7.23589001447178,1
0.8032786885245902,42,0.2,4.75,5.059139344262295,3.1545741324921135,0.0,0.0,0.0,18.92744479495268,12.618296529968454,1
0.8088235294117647,47,0.38461538461538464,6.0,7.293484848484848,2.6525198938992043,0.0,0.0,0.0,10.610079575596817,10.610079575596817,1
0.6907216494845361,54,0.3333333333333333,6.0,11.252989690721652,2.053388090349076,0.0,0.0,0.0,20.533880903490758,6.160164271047228,1
0.6666666666666666,68,0.4444444444444444,9.666666666666666,15.184838709677422,1.5649452269170578,3.1298904538341157,0.0,0.0,20.34428794992175,4.694835680751174,1
0.7297297297297297,43,0.3,8.0,14.838888888888892,2.5974025974025974,5.194805194805195,0.0,0.0,12.987012987012989,5.194805194805195,1
0.7433628318584071,74,0.28,5.333333333333333,8.757857142857144,3.1298904538341157,0.0,0.0,0.0,17.214397496087635,9.389671361502348,1
0.7,61,0.42105263157894735,10.0,14.157272727272726,3.289473684210526,0.0,0.0,1.644736842105263,14.802631578947368,4.934210526315789,1
0.6637168141592921,58,0.2857142857142857,5.8,7.8445765765765785,1.7271157167530224,1.7271157167530224,0.0,3.454231433506045,13.81692573402418,8.635578583765112,1
0.7294117647058823,49,0.45454545454545453,6.5,6.788095238095238,4.535147392290249,2.2675736961451247,2.2675736961451247,0.0,13.605442176870747,6.802721088435374,1
0.7671232876712328,46,0.5333333333333333,5.8,5.354318840579712,2.6246719160104988,7.874015748031496,2.6246719160104988,0.0,13.123359580052494,10.498687664041995,1
0.7808219178082192,48,0.5,5.0,5.48,0.0,4.901960784313726,0.0,0.0,19.607843137254903,12.254901960784313,1
0.7142857142857143,43,0.5,4.333333333333333,5.953879518072291,9.174311926605505,2.293577981651376,0.0,0.0,9.174311926605505,11.46788990825688,1
0.6785714285714286,92,0.6923076923076923,7.4,13.42306024096386,3.3783783783783785,2.2522522522522523,0.0,0.0,19.144144144144143,5.63063063063063,1
0.6940298507462687,74,0.3333333333333333,5.25,8.057824427480917,5.673758865248227,4.25531914893617,2.8368794326241136,0.0,11.347517730496454,7.092198581560283,1
0.7638888888888888,42,0.7,6.5,13.36388888888889,0.0,0.0,0.0,0.0,28.42377260981912,5.167958656330749,1
0.7358490566037735,67,0.25,7.666666666666667,14.91714285714286,1.6339869281045751,0.0,0.0,0.0,22.87581699346405,4.901960784313726,1
0.7833333333333333,43,0.25,7.0,10.303333333333338,0.0,0.0,0.0,0.0,17.094017094017097,8.547008547008549,1
0.7244897959183674,59,0.5238095238095238,6.75,10.099693877551022,1.8148820326678765,0.0,0.0,0.0,18.148820326678766,7.259528130671506,1
0.7761194029850746,47,0.2,6.666666666666667,10.287692307692314,5.076142131979695,2.5380710659898473,0.0,0.0,17.766497461928935,7.614213197969543,1
0.7425742574257426,65,0.5,15.5,16.172,1.669449081803005,0.0,0.0,0.0,15.025041736227045,5.0083472454090145,1
0.8378378378378378,55,0.3333333333333333,7.5,14.6477397260274,2.4390243902439024,0.0,0.0,0.0,21.95121951219512,4.878048780487805,1
0.8181818181818182,46,0.5833333333333334,7.5,15.696250000000003,0.0,0.0,0.0,0.0,10.526315789473683,7.894736842105264,1
0.6870748299319728,82,0.46153846153846156,8.75,16.66828767123288,2.277904328018223,0.0,0.0,1.1389521640091116,18.223234624145785,4.555808656036446,1
0.7218045112781954,75,0.26666666666666666,7.4,13.568121212121213,0.0,0.0,0.0,3.8363171355498724,12.78772378516624,8.951406649616368,1
0.819672131147541,43,0.3,8.5,15.26237704918033,0.0,0.0,0.0,0.0,14.245014245014245,14.245014245014245,1
0.7692307692307693,44,0.625,8.0,7.286375000000003,0.0,0.0,0.0,0.0,18.71657754010695,13.368983957219251,1
0.75,61,0.35,7.666666666666667,13.248387096774195,3.7593984962406015,0.0,0.0,0.0,26.31578947368421,5.639097744360902,1
0.6912751677852349,86,0.4642857142857143,9.5,29.852602739726027,1.1904761904761907,3.571428571428571,0.0,0.0,17.857142857142858,3.571428571428571,1
0.6886792452830188,55,0.23809523809523808,6.75,9.41346153846154,1.8450184501845017,3.6900369003690034,1.8450184501845017,1.8450184501845017,12.915129151291513,5.535055350553505,1
0.536,42,0.16,10.0,18.083801652892564,0.0,0.0,0.0,0.0,7.4183976261127595,10.385756676557863,1
0.5961538461538461,38,0.5238095238095238,7.5,9.20074257425743,0.0,0.0,0.0,0.0,0.0,17.21170395869191,1
0.5411764705882353,64,0.4,9.833333333333334,17.35176331360947,0.0,0.0,0.0,0.0,5.741626794258373,6.698564593301436,1
0.6382978723404256,45,0.2727272727272727,8.2,12.50975806451613,0.0,0.0,0.0,0.0,8.880994671403197,10.657193605683837,1
0.6352941176470588,36,0.2222222222222222,10.333333333333334,11.906585365853658,0.0,0.0,0.0,0.0,4.464285714285714,11.160714285714286,1
0.625,55,0.15384615384615385,7.666666666666667,10.764724770642204,0.0,0.0,0.0,0.0,3.0395136778115504,22.796352583586625,1
0.625,30,0.3157894736842105,7.666666666666667,10.690454545454546,0.0,0.0,0.0,0.0,2.3923444976076556,21.5311004784689,1
0.5669291338582677,47,0.5357142857142857,7.75,16.296756198347108,0.0,0.0,0.0,0.0,16.28222523744912,13.568521031207599,1
0.6416666666666667,61,0.16666666666666666,10.0,16.661666666666672,0.0,0.0,0.0,0.0,2.638522427440633,5.277044854881266,1
0.6578947368421053,34,0.2222222222222222,12.5,16.38054054054054,0.0,0.0,0.0,0.0,0.0,5.0,1
0.71875,51,0.3448275862068966,6.666666666666667,18.70430107526882,0.0,0.0,0.0,0.0,22.082018927444796,11.041009463722398,1
0.5984251968503937,48,0.20689655172413793,6.666666666666667,18.637252066115703,0.0,0.0,0.0,0.0,18.564356435643564,12.376237623762377,1
0.47586206896551725,43,0.25,6.285714285714286,14.625538461538465,0.0,0.0,0.0,0.0,5.0,10.0,1
0.5844155844155844,30,0.21739130434782608,6.75,16.186666666666667,0.0,0.0,0.0,0.0,2.070393374741201,12.422360248447204,1
0.6057692307692307,45,0.14285714285714285,8.0,47.095882352941175,0.0,0.0,0.0,1.466275659824047,19.06158357771261,5.865102639296188,1
0.6333333333333333,44,0.5,8.333333333333334,17.556781609195408,0.0,0.0,0.0,0.0,3.361344537815126,8.403361344537815,1
0.6527777777777778,31,0.6,8.0,13.802884615384617,0.0,0.0,0.0,0.0,0.0,11.185682326621924,1
0.8307692307692308,47,0.7333333333333333,12.5,18.421984126984132,0.0,0.0,0.0,0.0,2.3584905660377355,4.716981132075471,1
0.7375,47,0.3684210526315789,9.0,13.218798701298702,0.0,0.0,0.0,0.0,1.976284584980237,11.857707509881422,1
0.6352941176470588,36,0.18181818181818182,9.333333333333334,11.906585365853658,0.0,0.0,0.0,0.0,4.524886877828055,11.312217194570135,1
0.6266666666666667,43,0.0,4.7,5.048253424657535,0.0,0.0,0.0,0.0,0.0,28.846153846153847,1
0.7076923076923077,34,0.4166666666666667,5.25,7.085961538461543,2.967359050445104,0.0,0.0,0.0,17.804154302670625,11.869436201780417,1
0.7283950617283951,46,0.8571428571428571,5.0,6.8125000000000036,0.0,0.0,0.0,0.0,22.84263959390863,10.15228426395939,1
0.7039473684210527,83,0.5,7.5,15.476333333333333,1.2195121951219512,0.0,0.0,0.0,14.634146341463415,4.878048780487805,1
0.7746478873239436,44,0.3,7.0,9.927323943661971,0.0,0.0,0.0,0.0,7.832898172323759,7.832898172323759,1
0.7391304347826086,51,1.0,4.111111111111111,4.406689560439563,0.0,0.0,2.044989775051125,0.0,14.314928425357873,16.359918200409,1
0.7157894736842105,52,0.3333333333333333,8.5,9.972123655913979,0.0,0.0,0.0,0.0,8.130081300813009,8.130081300813009,1
0.7241379310344828,67,0.5714285714285714,4.7272727272727275,4.388671171171172,0.0,3.0911901081916535,0.0,0.0,17.001545595054097,17.001545595054097,1
0.7,47,0.5454545454545454,6.142857142857143,6.900617977528089,0.0,2.0408163265306123,0.0,0.0,8.16326530612245,14.285714285714285,1
0.8142857142857143,47,0.7,7.666666666666667,10.367142857142856,0.0,0.0,0.0,0.0,7.672634271099745,7.672634271099745,1
0.8170731707317073,59,0.2777777777777778,9.0,12.3625,0.0,0.0,0.0,0.0,6.7114093959731544,6.7114093959731544,1
0.6567164179104478,31,0.09090909090909091,4.333333333333333,2.824242424242424,0.0,3.0864197530864197,0.0,0.0,9.25925925925926,18.51851851851852,1
0.6990291262135923,56,0.4090909090909091,7.25,10.701734693877551,0.0,0.0,0.0,0.0,14.336917562724015,7.168458781362007,1
0.6772151898734177,83,0.2857142857142857,5.0,5.968680351906162,1.1737089201877935,0.0,0.0,0.0,11.737089201877934,12.910798122065728,1
0.6458333333333334,51,0.25,10.0,18.43148936170213,0.0,0.0,0.0,0.0,16.09657947686117,4.024144869215292,1
0.673202614379085,79,0.32,5.363636363636363,4.782333333333334,0.0,0.0,0.0,0.0,19.35483870967742,15.483870967741936,1
0.6535433070866141,65,0.30434782608695654,4.8,6.649396825396824,0.0,0.0,0.0,0.0,12.857142857142858,11.428571428571429,1
0.6933333333333334,41,0.2,8.333333333333334,9.17864864864865,0.0,2.6109660574412534,0.0,0.0,15.665796344647518,7.832898172323759,1
0.7115384615384616,61,0.07142857142857142,5.4,6.657647058823532,0.0,0.0,1.8416206261510129,0.0,18.41620626151013,9.208103130755065,1
0.723404255319149,55,0.1875,7.333333333333333,10.991739130434784,0.0,0.0,0.0,0.0,13.245033112582782,6.622516556291391,1
0.7126436781609196,49,0.3,5.6,4.54418604651163,0.0,0.0,0.0,0.0,13.45291479820628,13.45291479820628,1
0.6693548387096774,63,0.1,6.25,5.4680386178861795,0.0,0.0,0.0,0.0,7.9113924050632916,12.658227848101266,1
0.5810055865921788,83,0.125,9.6,14.668157303370787,0.0,0.0,0.0,0.0,12.631578947368421,5.263157894736842,1
0.7411764705882353,51,0.8181818181818182,4.666666666666667,6.455000000000002,0.0,0.0,0.0,0.0,17.62114537444934,13.215859030837004,1
0.775,49,0.3333333333333333,4.666666666666667,4.212500000000002,0.0,0.0,0.0,0.0,15.34526854219949,17.902813299232736,1
0.7674418604651163,54,0.2777777777777778,5.166666666666667,5.28146341463415,0.0,0.0,0.0,0.0,11.76470588235294,11.76470588235294,1
0.7676767676767676,65,0.6818181818181818,6.8,9.20244897959184,0.0,0.0,0.0,0.0,13.913043478260871,10.434782608695652,1
0.6643356643356644,73,0.32,8.8,11.849999999999998,0.0,0.0,0.0,0.0,11.421319796954315,6.345177664974619,1
0.7391304347826086,41,0.14285714285714285,6.75,5.6787058823529435,0.0,0.0,0.0,0.0,13.550135501355014,10.840108401084011,1
0.7213114754098361,35,0.5714285714285714,5.333333333333333,4.043333333333333,0.0,0.0,0.0,0.0,6.329113924050633,18.9873417721519,1
0.7127659574468085,54,0.75,4.666666666666667,5.053546099290781,0.0,0.0,0.0,0.0,5.964214711729622,15.904572564612325,1
0.6402439024390244,81,0.19047619047619047,6.857142857142857,8.983453111305874,0.0,0.0,0.0,0.0,9.35672514619883,8.187134502923977,1
0.696969696969697,34,0.25,4.666666666666667,3.1580769230769263,0.0,0.0,0.0,0.0,15.105740181268883,15.105740181268883,1
0.7313432835820896,39,0.2222222222222222,5.0,6.359807692307694,0.0,0.0,0.0,0.0,8.928571428571429,11.904761904761903,1
0.7142857142857143,69,0.17391304347826086,5.0,6.35135683760684,0.0,0.0,0.0,1.4903129657228018,14.903129657228018,10.432190760059614,1
0.6582278481012658,83,0.4666666666666667,4.285714285714286,4.191214740673338,0.0,1.2180267965895248,0.0,0.0,21.92448233861145,17.05237515225335,1
0.7037037037037037,59,0.35714285714285715,7.166666666666667,6.804252336448599,3.502626970227671,0.0,0.0,0.0,8.756567425569177,10.507880910683012,1
0.7432432432432432,45,0.2727272727272727,6.666666666666667,7.5302397260274,0.0,0.0,0.0,0.0,10.723860589812332,10.723860589812332,1
0.7777777777777778,54,0.5,9.0,12.421481481481482,0.0,0.0,0.0,0.0,17.35357917570499,6.507592190889371,1
0.7532467532467533,50,0.2631578947368421,7.5,16.28214285714286,0.0,0.0,0.0,0.0,9.153318077803204,4.576659038901602,1
0.8017241379310345,82,0.6428571428571429,6.4,11.372785714285715,0.0,0.0,0.0,0.0,18.09954751131222,7.541478129713424,1
0.7272727272727273,40,0.3333333333333333,6.5,13.72848484848485,0.0,0.0,0.0,0.0,16.901408450704224,5.633802816901409,1
0.7361111111111112,42,0.4666666666666667,6.75,8.617007042253523,0.0,0.0,0.0,0.0,7.444168734491315,9.925558312655086,1
0.7,50,0.4666666666666667,9.0,10.700090361445785,0.0,0.0,0.0,2.136752136752137,21.367521367521366,12.82051282051282,1
0.7941176470588235,45,0.14285714285714285,6.5,4.958388059701495,0.0,0.0,0.0,0.0,22.284122562674096,13.927576601671309,1
0.7340425531914894,54,0.7,7.333333333333333,7.745217391304351,4.415011037527594,0.0,0.0,0.0,15.45253863134658,8.830022075055188,1
0.765625,39,0.6666666666666666,5.25,4.091161290322582,3.236245954692557,0.0,0.0,0.0,19.41747572815534,12.944983818770227,1
0.8181818181818182,47,0.15384615384615385,4.8,5.25825,0.0,0.0,0.0,0.0,15.060240963855422,18.072289156626507,1
0.75,40,0.2727272727272727,5.666666666666667,11.535483870967742,3.4129692832764507,3.4129692832764507,0.0,0.0,20.477815699658702,10.238907849829351,1
0.7866666666666666,48,0.7272727272727273,7.0,8.597746478873244,0.0,0.0,0.0,0.0,13.58695652173913,8.152173913043478,1
0.75,44,0.18181818181818182,4.75,5.616470588235295,0.0,0.0,0.0,0.0,22.0125786163522,12.578616352201259,1
0.6528925619834711,54,0.6111111111111112,8.25,12.175525210084036,1.5625,0.0,0.0,0.0,17.1875,6.25,1
0.7570093457943925,66,1.0833333333333333,7.0,6.142570093457945,1.86219739292365,0.0,0.0,0.0,22.3463687150838,11.1731843575419,1
0.6410256410256411,56,0.4,8.333333333333334,14.344786324786327,0.0,0.0,0.0,0.0,12.567324955116698,5.3859964093357275,1
0.7117117117117117,63,0.47058823529411764,7.25,10.221689189189188,0.0,0.0,0.0,0.0,10.968921389396709,7.312614259597806,1
0.8333333333333334,45,0.42857142857142855,5.0,6.003333333333334,0.0,0.0,0.0,0.0,15.105740181268883,15.105740181268883,1
0.6533333333333333,70,0.30434782608695654,6.111111111111111,5.892252252252252,0.0,0.0,0.0,0.0,10.443864229765014,11.74934725848564,1
0.7205882352941176,77,0.20833333333333334,8.5,13.413805970149259,1.4124293785310735,0.0,0.0,0.0,14.124293785310734,5.649717514124294,1
0.6593406593406593,47,0.4,6.25,6.201438202247193,2.2988505747126435,0.0,0.0,0.0,13.793103448275861,11.494252873563218,1
0.6311475409836066,55,0.3157894736842105,6.2,5.584486422668238,0.0,0.0,0.0,0.0,22.29845626072041,12.006861063464836,1
0.7936507936507936,44,0.14285714285714285,6.0,8.647419354838707,0.0,0.0,0.0,0.0,8.902077151335313,8.902077151335313,1
0.8709677419354839,49,0.42857142857142855,5.4,4.449967213114757,0.0,0.0,0.0,0.0,15.479876160990711,12.38390092879257,1
0.6853932584269663,47,0.3333333333333333,5.142857142857143,3.3159090909090914,0.0,0.0,0.0,0.0,11.627906976744185,18.6046511627907,1
0.7093023255813954,46,0.3333333333333333,6.0,4.92235294117647,0.0,0.0,0.0,0.0,12.594458438287154,15.113350125944583,1
0.7333333333333333,34,0.42857142857142855,7.0,9.123333333333335,0.0,0.0,0.0,0.0,17.595307917888565,8.797653958944283,1
0.6666666666666666,56,0.3333333333333333,8.25,8.660094339622642,0.0,0.0,0.0,0.0,11.131725417439704,7.421150278293135,1
0.6446280991735537,65,0.5416666666666666,8.75,12.138333333333339,0.0,0.0,0.0,0.0,1.529051987767584,6.116207951070336,1
0.7222222222222222,80,0.17857142857142858,6.833333333333333,9.200462184873949,0.0,0.0,0.0,0.0,20.710059171597635,8.875739644970414,1
0.7717391304347826,60,0.4444444444444444,8.333333333333334,12.68561797752809,0.0,0.0,0.0,0.0,18.218623481781375,6.0728744939271255,1
0.7875,53,0.75,7.666666666666667,8.69224683544304,0.0,0.0,0.0,0.0,18.912529550827422,9.456264775413711,1
0.6377952755905512,57,0.25,5.428571428571429,5.851778455284553,0.0,0.0,0.0,0.0,18.89763779527559,12.598425196850393,1
0.7313432835820896,39,0.7142857142857143,6.0,4.547692307692309,0.0,0.0,0.0,0.0,12.38390092879257,15.479876160990711,1
0.7341772151898734,47,0.5833333333333334,4.428571428571429,5.391175406871611,0.0,0.0,0.0,0.0,9.63855421686747,16.867469879518072,1
0.6810344827586207,61,0.45454545454545453,7.166666666666667,9.020652173913046,0.0,0.0,0.0,0.0,19.637462235649547,10.574018126888218,1
0.703125,38,0.23076923076923078,7.5,10.061250000000001,0.0,0.0,0.0,0.0,14.005602240896359,8.403361344537815,1
0.6728971962616822,53,0.3157894736842105,9.0,11.1675,0.0,3.484320557491289,0.0,0.0,8.710801393728223,8.710801393728223,1
0.7222222222222222,49,0.21052631578947367,6.2,9.885454545454547,0.0,0.0,0.0,0.0,8.097165991902834,10.121457489878543,1
0.7058823529411765,65,0.15789473684210525,4.75,5.362500000000001,0.0,0.0,0.0,0.0,19.35483870967742,12.903225806451612,1
0.711340206185567,56,0.4090909090909091,8.25,9.447236842105266,0.0,1.953125,0.0,0.0,11.71875,7.8125,1
0.64,63,0.38461538461538464,5.6,9.593290322580646,1.5384615384615385,0.0,1.5384615384615385,0.0,10.769230769230768,6.153846153846154,1
0.6597938144329897,49,0.47368421052631576,7.0,9.681932989690722,0.0,0.0,0.0,0.0,17.543859649122805,7.797270955165692,1
0.6727272727272727,58,0.48,7.25,10.722873831775704,0.0,0.0,0.0,0.0,25.12562814070352,6.700167504187605,1
0.835820895522388,48,1.0,8.0,9.438484848484851,0.0,0.0,0.0,0.0,11.494252873563218,8.620689655172413,1
0.559748427672956,57,0.42857142857142855,5.666666666666667,6.052447552447553,0.0,1.1723329425556857,1.1723329425556857,0.0,10.550996483001173,10.550996483001173,1
0.6484848484848484,83,0.12,5.153846153846154,4.871463414634146,0.0,0.0,0.0,0.0,10.262257696693274,14.823261117445838,1
0.7439024390243902,48,0.2727272727272727,6.0,6.404911392405065,0.0,2.257336343115124,0.0,0.0,11.286681715575622,11.286681715575622,1
0.7372881355932204,72,0.3333333333333333,8.666666666666666,16.96700854700855,0.0,0.0,0.0,0.0,17.094017094017097,4.273504273504274,1
0.7868852459016393,42,0.46153846153846156,8.333333333333334,11.29737704918033,0.0,0.0,0.0,0.0,16.216216216216218,8.108108108108109,1
0.6946564885496184,75,0.3333333333333333,5.555555555555555,6.366041666666668,0.0,2.7624309392265194,0.0,0.0,16.574585635359114,12.430939226519337,1
0.7083333333333334,67,0.24,9.75,13.167121848739495,0.0,0.0,0.0,0.0,19.7869101978691,6.0882800608828,1
0.6893939393939394,72,0.6666666666666666,6.833333333333333,10.600606060606065,0.0,0.0,0.0,0.0,18.741633199464527,8.032128514056224,1
0.7322834645669292,79,0.38461538461538464,8.25,13.589500000000001,0.0,0.0,0.0,0.0,12.693935119887165,5.6417489421720735,1
0.7619047619047619,68,0.3333333333333333,5.571428571428571,7.117142857142859,0.0,0.0,0.0,0.0,10.434782608695652,12.17391304347826,1
0.7439024390243902,50,0.4,8.0,16.825000000000006,0.0,0.0,0.0,0.0,11.086474501108649,4.434589800443459,1
0.7804878048780488,54,1.0,6.666666666666667,6.584043209876544,0.0,0.0,0.0,0.0,20.77922077922078,15.584415584415584,1
0.7157894736842105,51,0.75,8.333333333333334,7.688252688172046,0.0,4.49438202247191,0.0,0.0,20.224719101123593,8.98876404494382,1
0.7264150943396226,59,0.42857142857142855,6.75,6.301969486823857,1.7825311942959001,0.0,0.0,0.0,19.607843137254903,12.477718360071302,1
0.6893203883495146,55,0.07692307692307693,6.0,6.479725490196078,0.0,0.0,0.0,0.0,12.320328542094456,12.320328542094456,1
0.7619047619047619,36,0.3333333333333333,6.0,7.428524590163935,0.0,0.0,0.0,0.0,17.123287671232877,10.273972602739725,1
0.7580645161290323,39,0.2857142857142857,7.0,6.934516129032257,0.0,0.0,0.0,0.0,13.377926421404682,10.033444816053512,1
0.6538461538461539,49,0.5,7.0,8.429199029126213,0.0,0.0,0.0,0.0,15.414258188824663,7.707129094412331,1
0.6836734693877551,55,0.7692307692307693,4.666666666666667,6.164484536082476,0.0,0.0,0.0,0.0,19.723865877712033,13.806706114398422,1
0.6282051282051282,66,0.2857142857142857,7.833333333333333,6.337105263157898,0.0,0.0,1.3245033112582782,0.0,15.894039735099337,10.596026490066226,1
0.7,45,0.7142857142857143,5.0,7.19857594936709,2.444987775061125,0.0,2.444987775061125,0.0,19.559902200489,7.334963325183374,1
0.6589147286821705,64,0.3076923076923077,4.857142857142857,6.351856017997751,1.5479876160990713,0.0,0.0,0.0,18.575851393188852,6.191950464396285,1
0.8225806451612904,43,0.1111111111111111,6.666666666666667,5.300161290322581,0.0,0.0,0.0,0.0,19.108280254777068,12.738853503184714,1
0.7341772151898734,47,0.4375,7.0,14.445641025641027,0.0,0.0,0.0,0.0,19.230769230769234,4.807692307692308,1
0.8026315789473685,49,0.5833333333333334,5.8,6.330105263157897,0.0,0.0,0.0,0.0,24.213075060532688,12.106537530266344,1
0.7291666666666666,56,0.64,5.666666666666667,6.38666666666667,0.0,0.0,0.0,0.0,20.91254752851711,11.406844106463879,1
0.7238095238095238,60,1.25,6.75,10.262208737864082,1.7921146953405018,0.0,0.0,0.0,23.297491039426525,7.168458781362007,1
0.77,59,0.5,5.333333333333333,7.312000000000001,0.0,0.0,0.0,0.0,12.681159420289855,10.869565217391305,1
0.8061224489795918,69,0.5384615384615384,6.285714285714286,6.719699248120303,3.3444816053511706,0.0,0.0,0.0,28.42809364548495,13.377926421404682,1
0.7934782608695652,65,0.26666666666666666,5.6,5.972528089887643,0.0,0.0,0.0,0.0,18.9873417721519,12.658227848101266,1
0.6548672566371682,61,0.7142857142857143,11.0,23.212500000000002,1.663893510815308,0.0,0.0,0.0,4.9916805324459235,3.327787021630616,1
0.6875,73,0.8,10.0,13.08388888888889,0.0,0.0,0.0,0.0,11.976047904191617,5.9880239520958085,1
0.6370370370370371,64,0.8571428571428571,6.333333333333333,10.49851851851852,0.0,0.0,0.0,0.0,19.145802650957293,7.363770250368188,1
0.7582417582417582,56,0.5294117647058824,6.25,6.911111111111115,0.0,0.0,0.0,0.0,18.108651911468815,12.072434607645874,1
0.7264150943396226,62,0.2777777777777778,6.0,6.883131868131869,0.0,0.0,0.0,0.0,10.344827586206897,12.068965517241379,1
0.7246376811594203,36,1.2,9.0,7.745217391304351,0.0,0.0,0.0,0.0,17.910447761194032,8.955223880597016,1
0.6956521739130435,75,0.2413793103448276,8.0,12.07294117647059,0.0,1.443001443001443,1.443001443001443,0.0,18.75901875901876,5.772005772005772,1
0.6901408450704225,80,0.7727272727272727,7.0,10.924507042253524,0.0,0.0,0.0,0.0,16.149068322981368,7.453416149068323,1
0.6433566433566433,71,0.2222222222222222,6.375,9.772132796780685,0.0,1.2062726176115801,1.2062726176115801,0.0,12.062726176115802,8.443908323281061,1
0.8051948051948052,53,0.75,7.333333333333333,10.68,0.0,0.0,0.0,0.0,9.63855421686747,7.228915662650603,1
0.6551724137931034,38,0.16666666666666666,9.0,10.271395348837213,0.0,0.0,0.0,0.0,13.245033112582782,6.622516556291391,1
0.6363636363636364,66,0.24,7.166666666666667,6.291025641025641,0.0,0.0,0.0,0.0,11.695906432748536,14.619883040935672,1
0.6818181818181818,83,0.4583333333333333,7.6,14.236810457516341,0.0,0.0,0.0,0.0,17.410228509249183,5.4406964091403704,1
0.7297297297297297,62,0.6428571428571429,9.0,9.583559633027523,0.0,0.0,0.0,0.0,10.016694490818029,10.016694490818029,1
0.6622516556291391,77,0.6956521739130435,6.714285714285714,9.70232734153264,1.2254901960784315,0.0,0.0,0.0,7.352941176470588,8.578431372549021,1
0.72,45,0.2,8.333333333333334,10.932702702702706,0.0,0.0,0.0,0.0,7.5,7.5,1
0.6962025316455697,42,0.45454545454545453,6.5,6.451740506329116,0.0,0.0,0.0,2.638522427440633,10.554089709762533,10.554089709762533,1
0.6973684210526315,41,0.1875,7.333333333333333,12.096,0.0,0.0,0.0,0.0,18.69158878504673,7.009345794392523,1
0.6416184971098265,82,0.2857142857142857,8.0,9.463458646616544,1.1025358324145536,0.0,0.0,0.0,11.025358324145534,6.615214994487321,1
0.8,64,0.7692307692307693,7.0,10.491666666666664,0.0,0.0,0.0,0.0,14.869888475836431,7.434944237918216,1
0.7582417582417582,54,0.25,4.857142857142857,4.633174603174606,0.0,0.0,2.0408163265306123,0.0,22.448979591836732,12.244897959183673,1
0.7256637168141593,66,0.7,4.875,5.771298701298701,1.7889087656529516,0.0,1.7889087656529516,0.0,16.100178890876567,14.311270125223613,1
0.7619047619047619,50,0.6666666666666666,5.0,6.63526829268293,2.336448598130841,4.672897196261682,0.0,0.0,11.682242990654204,14.018691588785046,1
0.85,43,0.75,5.0,4.430000000000003,0.0,0.0,0.0,0.0,9.771986970684038,16.286644951140065,1
0.7971014492753623,43,1.2857142857142858,5.75,5.160688405797103,0.0,0.0,0.0,0.0,9.11854103343465,12.158054711246201,1
0.7128712871287128,56,0.23076923076923078,4.571428571428571,6.1320000000000014,0.0,0.0,3.75234521575985,0.0,9.380863039399626,9.380863039399626,1
0.8032786885245902,40,0.4444444444444444,6.0,7.353333333333335,3.1847133757961785,0.0,0.0,0.0,15.92356687898089,9.554140127388534,1
0.6732673267326733,50,0.5833333333333334,5.2,10.326000000000004,0.0,0.0,1.8832391713747645,0.0,16.949152542372882,3.766478342749529,1
0.72,74,0.2916666666666667,7.2,9.011666666666667,0.0,0.0,0.0,0.0,21.897810218978105,7.299270072992701,1
0.6312849162011173,88,0.3888888888888889,8.666666666666666,11.048333333333336,0.0,0.0,0.0,0.0,12.8068303094984,7.470651013874066,1
0.7571428571428571,43,0.5555555555555556,5.6,5.041428571428572,0.0,0.0,0.0,0.0,14.084507042253522,14.084507042253522,1
0.8061224489795918,67,0.4,6.6,7.120833333333334,0.0,0.0,1.8018018018018018,0.0,14.414414414414415,9.00900900900901,1
0.686046511627907,44,0.3333333333333333,6.166666666666667,5.9162790697674446,0.0,0.0,2.109704641350211,0.0,8.438818565400844,12.658227848101266,1
0.6258503401360545,66,0.25806451612903225,6.555555555555555,7.95173515981735,0.0,0.0,0.0,0.0,12.626262626262626,10.101010101010102,1
0.6607142857142857,63,0.5185185185185185,7.75,11.178445945945946,0.0,0.0,0.0,0.0,16.103059581320448,6.4412238325281805,1
0.7777777777777778,47,0.2,4.166666666666667,4.167777777777776,0.0,0.0,0.0,0.0,5.4945054945054945,16.483516483516485,1
0.6929824561403509,63,0.5,8.0,10.185357142857143,1.7953321364452424,0.0,0.0,0.0,19.748653500897664,7.1813285457809695,1
0.6944444444444444,56,0.3125,7.2,7.256222222222224,1.8248175182481752,0.0,0.0,0.0,23.722627737226276,9.124087591240874,1
0.6666666666666666,51,0.6666666666666666,4.428571428571429,4.313686868686869,2.1321961620469083,0.0,0.0,0.0,14.925373134328359,14.925373134328359,1
0.7647058823529411,42,0.8571428571428571,6.0,5.616470588235295,2.9069767441860463,0.0,0.0,0.0,14.534883720930232,11.627906976744185,1
0.8405797101449275,52,0.23076923076923078,13.5,14.795434782608698,2.6041666666666665,0.0,0.0,0.0,2.6041666666666665,5.208333333333333,1
0.6685082872928176,103,0.4444444444444444,12.5,18.738477653631282,0.0,1.0090817356205852,0.0,0.0,12.108980827447022,4.036326942482341,1
0.6931818181818182,49,0.4,8.333333333333334,10.869411764705884,0.0,0.0,0.0,0.0,12.76595744680851,6.382978723404255,1
0.7076923076923077,34,0.35714285714285715,9.333333333333334,10.983125000000001,0.0,2.865329512893983,0.0,0.0,5.730659025787966,8.595988538681949,1
0.668918918918919,76,0.13793103448275862,5.75,6.208405172413794,0.0,2.6595744680851063,5.319148936170213,0.0,19.9468085106383,9.308510638297872,1
0.7669902912621359,69,0.2916666666666667,6.8,7.867960784313727,0.0,0.0,0.0,0.0,20.408163265306122,7.421150278293135,1
0.675,43,0.4,6.333333333333333,9.559999999999999,0.0,0.0,0.0,0.0,17.994858611825194,7.712082262210797,1
0.6736842105263158,50,0.21428571428571427,4.666666666666667,4.690353302611367,0.0,0.0,2.092050209205021,0.0,29.288702928870293,12.552301255230125,1
0.668918918918919,77,0.25925925925925924,8.8,8.852054794520548,0.0,0.0,0.0,0.0,24.03204272363151,8.01068090787717,1
0.6384180790960452,92,0.225,7.857142857142857,10.253419540229888,0.0,0.0,0.0,0.0,15.274949083503055,10.183299389002038,1
0.7232142857142857,66,0.42105263157894735,7.75,10.51823394495413,0.0,0.0,0.0,0.0,7.042253521126761,7.042253521126761,1
0.7037037037037037,45,0.21428571428571427,6.666666666666667,10.673333333333336,2.3866348448687353,0.0,0.0,0.0,14.319809069212411,7.159904534606206,1
0.6423357664233577,64,0.3076923076923077,6.857142857142857,7.664761904761907,0.0,0.0,0.0,0.0,17.955801104972377,9.668508287292818,1
0.6451612903225806,42,0.36363636363636365,4.714285714285714,3.929062980030725,0.0,0.0,0.0,0.0,6.479481641468682,12.958963282937365,1
0.7419354838709677,39,0.3,5.75,6.442096774193548,3.076923076923077,0.0,0.0,0.0,9.230769230769232,12.307692307692308,1
0.7252747252747253,55,0.23529411764705882,6.6,6.024000000000001,0.0,4.424778761061947,0.0,0.0,6.6371681415929205,11.061946902654867,1
0.8823529411764706,55,0.25925925925925924,5.6,13.443076923076923,0.0,0.0,0.0,0.0,34.85838779956428,10.893246187363834,1
0.8064516129032258,42,0.07692307692307693,4.666666666666667,6.396666666666665,0.0,5.780346820809248,0.0,0.0,5.780346820809248,14.45086705202312,1
0.6792452830188679,52,0.08695652173913043,6.833333333333333,7.168076923076924,0.0,0.0,0.0,0.0,3.4305317324185247,10.291595197255575,1
0.6363636363636364,51,0.23809523809523808,6.166666666666667,6.4882539682539715,0.0,0.0,0.0,0.0,3.6101083032490977,16.24548736462094,1
0.7142857142857143,52,0.38461538461538464,6.75,10.528653846153848,0.0,0.0,0.0,0.0,7.968127490039841,7.968127490039841,1
0.6865671641791045,74,0.5555555555555556,6.75,10.031053435114504,0.0,1.5267175572519083,0.0,0.0,22.900763358778626,7.633587786259541,1
0.7065217391304348,50,0.5625,5.8,6.3359999999999985,0.0,2.1186440677966103,2.1186440677966103,0.0,19.06779661016949,8.474576271186441,1
0.9,51,0.7142857142857143,4.166666666666667,2.666666666666668,0.0,0.0,3.205128205128205,0.0,22.435897435897434,12.82051282051282,1
0.7647058823529411,42,0.625,5.5,6.6171268656716435,0.0,0.0,0.0,0.0,11.1731843575419,11.1731843575419,1
0.7333333333333333,36,0.1111111111111111,8.0,5.403333333333336,0.0,0.0,0.0,0.0,12.779552715654951,22.364217252396166,1
0.7647058823529411,55,0.3333333333333333,9.0,12.118072289156633,0.0,0.0,0.0,0.0,18.59504132231405,6.198347107438017,1
0.7162162162162162,44,0.3333333333333333,7.333333333333333,8.221891891891893,0.0,0.0,0.0,0.0,5.376344086021506,8.064516129032258,1
0.6979166666666666,53,0.05,5.166666666666667,6.568978494623654,0.0,0.0,0.0,0.0,11.857707509881422,11.857707509881422,1
0.6557377049180327,62,0.4444444444444444,7.75,9.06122314049587,0.0,0.0,0.0,0.0,12.678288431061807,9.508716323296355,1
0.6950354609929078,78,0.3548387096774194,9.25,10.024489051094893,1.3477088948787064,0.0,0.0,0.0,22.911051212938006,9.433962264150942,1
0.7096774193548387,33,0.4,5.5,4.285368852459019,0.0,0.0,0.0,0.0,6.756756756756757,6.756756756756757,1
0.6357142857142857,71,0.2857142857142857,6.142857142857143,7.06233954451346,0.0,0.0,0.0,0.0,18.544935805991443,7.132667617689016,1
0.6470588235294118,65,0.35,4.857142857142857,6.493624733475482,0.0,0.0,0.0,0.0,10.819165378670787,7.727975270479135,1
0.6363636363636364,74,0.42105263157894735,10.75,12.978571428571431,1.3831258644536653,0.0,0.0,0.0,11.065006915629322,5.532503457814661,1
0.7204968944099379,99,0.5641025641025641,8.5,16.165330188679246,0.0,0.0,0.0,0.0,22.82608695652174,4.3478260869565215,1
0.746031746031746,38,0.16666666666666666,5.75,4.412817460317459,0.0,0.0,0.0,0.0,6.756756756756757,13.513513513513514,1
0.6967741935483871,88,0.5,7.333333333333333,11.27714285714286,1.160092807424594,0.0,0.0,0.0,12.761020881670532,6.960556844547564,1
0.6829268292682927,65,0.4,8.0,11.35166666666667,3.215434083601286,0.0,0.0,0.0,16.07717041800643,6.430868167202572,1
0.7934782608695652,59,0.3157894736842105,6.0,5.600000000000001,0.0,2.070393374741201,0.0,0.0,8.281573498964804,12.422360248447204,1
0.7936507936507936,41,0.5454545454545454,5.5,5.059139344262295,0.0,0.0,0.0,0.0,12.82051282051282,12.82051282051282,1
0.7105263157894737,44,0.2222222222222222,6.25,5.59051369863014,0.0,0.0,0.0,0.0,19.943019943019944,11.396011396011396,1
0.696969696969697,89,0.34782608695652173,8.4,12.057283950617286,0.0,0.0,0.0,1.1037527593818985,16.55629139072848,8.830022075055188,1
0.65,81,0.5,7.6,11.072044025157233,0.0,0.0,0.0,0.0,14.942528735632184,8.045977011494253,1
0.631578947368421,54,0.22727272727272727,10.0,11.391058558558559,0.0,0.0,0.0,0.0,12.006861063464836,8.576329331046313,1
0.6973684210526315,40,0.5714285714285714,5.5,5.151111111111113,0.0,2.506265664160401,0.0,0.0,2.506265664160401,15.037593984962406,1
0.6783216783216783,73,0.5,7.8,9.726773049645391,0.0,2.6525198938992043,0.0,0.0,11.936339522546419,7.957559681697613,1
0.796875,44,0.3333333333333333,6.5,13.48375,0.0,0.0,0.0,0.0,13.297872340425531,5.319148936170213,1
0.7794117647058824,44,0.2857142857142857,6.0,6.969365671641793,0.0,0.0,0.0,0.0,18.91891891891892,8.108108108108109,1
0.8524590163934426,43,0.125,5.6,3.8696393442622963,0.0,0.0,3.1746031746031744,0.0,15.873015873015872,19.04761904761905,1
0.6942148760330579,67,0.45161290322580644,8.25,11.04655982905983,0.0,0.0,0.0,0.0,20.24922118380062,6.230529595015576,1
0.676056338028169,37,0.16666666666666666,7.0,9.761126760563382,0.0,0.0,0.0,0.0,8.130081300813009,8.130081300813009,1
0.6764705882352942,52,0.375,5.0,4.524271570014147,0.0,0.0,3.7735849056603774,0.0,20.754716981132074,11.320754716981131,1
0.8131868131868132,62,0.35,4.1,3.96994186046512,0.0,2.2026431718061676,4.405286343612335,0.0,11.013215859030838,17.62114537444934,1
0.75,51,0.5555555555555556,5.6,6.096048192771086,0.0,0.0,0.0,0.0,7.109004739336492,11.848341232227487,1
0.8333333333333334,42,0.6,6.333333333333333,9.516666666666666,0.0,0.0,0.0,0.0,3.115264797507788,6.230529595015576,1
0.7272727272727273,47,0.4117647058823529,6.25,8.08516666666667,0.0,0.0,0.0,0.0,12.224938875305625,9.7799511002445,1
0.7682926829268293,56,0.25,6.5,8.040833333333335,0.0,0.0,0.0,0.0,4.434589800443459,8.869179600886918,1
0.7560975609756098,76,0.5384615384615384,5.833333333333333,8.105573770491805,0.0,0.0,0.0,0.0,13.740458015267174,9.160305343511451,1
0.7567567567567568,46,0.15384615384615385,5.6,5.37857142857143,0.0,0.0,0.0,0.0,17.857142857142858,10.204081632653061,1
0.7256637168141593,69,0.6818181818181818,5.666666666666667,6.944814814814816,0.0,0.0,3.3057851239669422,0.0,18.18181818181818,6.6115702479338845,1
0.7282608695652174,52,0.23529411764705882,6.25,9.412608695652178,0.0,0.0,0.0,0.0,12.345679012345679,8.23045267489712,1
0.6333333333333333,43,0.15,6.75,7.8740909090909135,0.0,0.0,0.0,0.0,11.737089201877934,9.389671361502348,1
0.6341463414634146,81,0.3225806451612903,7.8,12.181668711656442,0.0,0.0,0.0,0.0,12.437810945273633,6.218905472636816,1
0.6979166666666666,53,0.29411764705882354,8.0,13.451276595744684,0.0,4.11522633744856,0.0,0.0,12.345679012345679,6.172839506172839,1
0.7567567567567568,45,0.5555555555555556,6.0,10.135405405405407,0.0,0.0,0.0,0.0,10.309278350515465,7.731958762886598,1
0.6610169491525424,66,0.22580645161290322,8.0,13.065978260869567,0.0,0.0,0.0,0.0,12.422360248447204,6.211180124223602,1
0.7571428571428571,44,0.2,10.5,13.085289855072464,0.0,2.7247956403269753,0.0,0.0,16.34877384196185,5.449591280653951,1
0.7738095238095238,54,0.9285714285714286,5.4,11.283333333333335,0.0,0.0,0.0,0.0,10.16260162601626,10.16260162601626,1
0.7,40,0.5833333333333334,6.5,7.796044303797469,0.0,0.0,0.0,0.0,12.658227848101266,12.658227848101266,1
0.7380952380952381,51,0.35294117647058826,8.666666666666666,11.765714285714285,0.0,0.0,0.0,0.0,14.830508474576272,6.355932203389831,1
0.7053571428571429,64,0.5238095238095238,5.5,6.3076623376623395,1.663893510815308,0.0,0.0,0.0,14.975041597337771,13.311148086522463,1
0.6408450704225352,67,0.8947368421052632,8.0,12.692857142857147,0.0,0.0,0.0,0.0,15.189873417721518,6.329113924050633,1
0.7558139534883721,54,0.4117647058823529,7.0,9.136234939759039,0.0,0.0,0.0,0.0,23.655913978494624,8.602150537634408,1
0.7230769230769231,34,0.35714285714285715,5.8,3.6400000000000006,0.0,0.0,0.0,0.0,6.329113924050633,15.822784810126583,1
0.640625,64,0.2916666666666667,6.166666666666667,8.520634920634922,0.0,0.0,0.0,0.0,10.46337817638266,8.968609865470851,1
0.6268656716417911,65,0.5517241379310345,8.5,12.606538461538463,0.0,0.0,0.0,0.0,19.77401129943503,5.649717514124294,1
0.855072463768116,50,0.3125,6.0,9.61727272727273,2.7027027027027026,2.7027027027027026,0.0,0.0,10.81081081081081,5.405405405405405,1
0.8133333333333334,52,0.07692307692307693,6.4,7.5615342465753415,0.0,0.0,0.0,2.3640661938534278,21.27659574468085,9.456264775413711,1
0.6387096774193548,71,0.39285714285714285,6.75,8.836070261437907,1.1641443538998835,0.0,1.1641443538998835,0.0,10.477299185098952,9.313154831199068,1
0.6698113207547169,52,0.2222222222222222,7.0,10.218584905660382,0.0,0.0,0.0,0.0,18.050541516245488,7.220216606498195,1
0.6486486486486487,103,0.375,5.769230769230769,5.674444444444447,0.0,0.0,0.0,0.0,7.360672975814932,12.618296529968454,1
0.7307692307692307,47,0.36363636363636365,8.0,8.978441558441563,0.0,0.0,0.0,0.0,5.167958656330749,7.751937984496124,1
0.7887323943661971,45,0.23076923076923078,5.8,6.900112676056342,0.0,0.0,0.0,0.0,21.108179419525065,18.469656992084435,1
0.6814159292035398,64,0.375,8.75,10.753220720720723,0.0,0.0,0.0,0.0,16.44736842105263,6.578947368421052,1
0.7692307692307693,42,0.36363636363636365,6.333333333333333,9.016923076923081,0.0,0.0,0.0,0.0,17.391304347826086,8.695652173913043,1
0.7222222222222222,72,0.2727272727272727,6.5,9.055,0.0,1.5197568389057752,0.0,0.0,19.756838905775076,9.11854103343465,1
0.6774193548387096,68,0.375,7.6,9.798333333333336,0.0,0.0,0.0,0.0,11.834319526627219,7.396449704142012,1
0.7345132743362832,64,0.3181818181818182,7.2,8.045265486725661,1.6863406408094435,0.0,1.6863406408094435,0.0,15.17706576728499,8.431703204047217,1
0.7066666666666667,41,1.3333333333333333,5.0,3.1971506849315077,2.849002849002849,0.0,2.849002849002849,0.0,8.547008547008549,5.698005698005698,1
0.7142857142857143,35,0.26666666666666666,4.5,2.191764705882356,0.0,0.0,2.985074626865672,0.0,17.910447761194032,14.925373134328359,1
0.6865671641791045,69,0.4117647058823529,9.25,10.081757575757575,0.0,1.488095238095238,0.0,0.0,14.88095238095238,5.952380952380952,1
0.7313432835820896,39,0.375,10.0,12.65575757575758,0.0,0.0,0.0,0.0,10.869565217391305,5.434782608695652,1
0.7142857142857143,36,0.4,5.4,2.4700000000000024,0.0,0.0,0.0,0.0,6.920415224913495,13.84083044982699,1
0.84,56,0.23076923076923078,5.8,6.933108108108112,0.0,0.0,2.450980392156863,0.0,9.803921568627452,9.803921568627452,1
0.7528089887640449,57,0.6875,9.333333333333334,11.36906976744186,0.0,0.0,0.0,0.0,15.11879049676026,6.479481641468682,1
0.6764705882352942,74,0.4,5.125,7.787840531561461,1.4104372355430184,5.6417489421720735,0.0,0.0,16.925246826516222,8.462623413258111,1
0.746268656716418,39,0.1,3.5,1.4678092399403901,0.0,0.0,17.964071856287426,0.0,8.982035928143713,17.964071856287426,1
0.5921787709497207,79,0.21739130434782608,7.0,7.243512569832401,1.152073732718894,0.0,0.0,0.0,10.368663594470046,8.064516129032258,1
0.62,74,0.34615384615384615,6.142857142857143,6.332905081495689,0.0,1.3812154696132597,0.0,0.0,12.430939226519337,9.668508287292818,1
0.6213592233009708,49,0.11764705882352941,6.0,3.5124649859943986,0.0,0.0,0.0,0.0,18.75,14.583333333333334,1
0.6869565217391305,60,0.14285714285714285,4.111111111111111,3.508436578171093,1.763668430335097,1.763668430335097,3.527336860670194,0.0,12.345679012345679,12.345679012345679,1
0.6736111111111112,72,0.25925925925925924,5.125,7.719711538461542,2.6109660574412534,0.0,0.0,0.0,16.971279373368148,10.443864229765014,1
0.7432432432432432,45,0.23076923076923078,8.0,14.001164383561647,0.0,0.0,0.0,0.0,19.178082191780824,5.47945205479452,1
0.7326732673267327,59,0.4,5.666666666666667,7.076000000000004,1.8656716417910448,0.0,0.0,0.0,16.791044776119403,11.194029850746269,1
0.7228915662650602,48,0.5,7.666666666666667,13.057804878048781,0.0,0.0,0.0,0.0,10.729613733905579,6.437768240343348,1
0.7857142857142857,43,0.625,5.166666666666667,4.158633540372673,0.0,0.0,2.7548209366391188,0.0,16.528925619834713,19.28374655647383,1
0.6904761904761905,45,0.6666666666666666,5.2,7.091228915662651,0.0,0.0,0.0,0.0,17.42919389978214,13.071895424836601,1
0.6395348837209303,81,0.6190476190476191,6.375,5.432216374269007,2.328288707799767,1.1641443538998835,0.0,0.0,22.11874272409779,10.477299185098952,1
0.6764705882352942,51,0.3333333333333333,6.5,6.541960784313726,3.992015968063872,0.0,0.0,0.0,13.972055888223553,11.976047904191617,1
0.711864406779661,65,0.3888888888888889,8.0,10.014000000000003,0.0,0.0,1.6528925619834711,0.0,11.570247933884296,8.264462809917356,1
0.6242424242424243,76,0.3,8.0,9.601501572327042,0.0,3.452243958573072,0.0,0.0,6.904487917146144,11.507479861910243,1
0.6805555555555556,82,0.2727272727272727,7.0,15.871901408450707,0.0,0.0,0.0,0.0,12.578616352201259,5.031446540880503,1
0.6865671641791045,72,0.2962962962962963,10.333333333333334,19.355639097744362,0.0,0.0,0.0,0.0,9.602194787379974,4.11522633744856,1
0.8412698412698413,45,0.3,7.0,6.8349206349206355,0.0,0.0,0.0,0.0,10.169491525423728,10.169491525423728,1
0.7050359712230215,76,0.2692307692307692,7.4,11.850352941176471,1.3280212483399734,0.0,0.0,0.0,15.936254980079681,6.6401062416998675,1
0.7346938775510204,60,0.5555555555555556,5.333333333333333,5.966291793313072,0.0,0.0,0.0,0.0,16.03206412825651,12.024048096192384,1
0.7666666666666667,56,0.21428571428571427,7.25,6.068853932584272,0.0,0.0,0.0,0.0,15.053763440860216,10.752688172043012,1
0.7317073170731707,71,0.6521739130434783,6.333333333333333,7.924982290436837,0.0,0.0,0.0,0.0,15.942028985507246,10.144927536231883,1
0.84375,49,0.3333333333333333,6.0,6.285833333333333,0.0,0.0,0.0,0.0,6.211180124223602,9.316770186335404,1
0.7549019607843137,66,0.16,15.0,39.92277227722772,0.0,0.0,0.0,0.0,14.336917562724015,1.7921146953405018,1
0.6506849315068494,79,0.5588235294117647,7.25,13.723457446808514,0.0,0.0,0.0,0.0,20.61855670103093,5.154639175257732,1
0.7916666666666666,48,0.25,9.333333333333334,11.306111111111111,0.0,0.0,2.4271844660194173,0.0,14.563106796116505,4.854368932038835,1
0.6758620689655173,83,0.5161290322580645,8.333333333333334,8.890172413793106,0.0,0.0,0.0,0.0,14.120667522464698,7.702182284980744,1
0.7761194029850746,42,0.5714285714285714,5.75,5.270576923076927,0.0,0.0,0.0,0.0,12.345679012345679,12.345679012345679,1
0.6433566433566433,74,0.3055555555555556,7.2,11.126820143884895,0.0,0.0,0.0,0.0,15.170670037926675,6.321112515802781,1
0.797979797979798,64,0.25,6.333333333333333,7.770252525252527,0.0,0.0,1.763668430335097,0.0,15.873015873015872,10.582010582010582,1
0.6195652173913043,88,0.4186046511627907,7.285714285714286,10.237255216693416,0.0,0.0,0.0,0.0,13.184584178498985,7.099391480730223,1
0.6880733944954128,62,0.25,6.5,6.662264150943397,0.0,0.0,0.0,0.0,3.5906642728904847,10.771992818671455,1
0.7631578947368421,50,0.5882352941176471,7.333333333333333,10.064383561643833,0.0,0.0,0.0,0.0,16.6270783847981,9.501187648456057,1
0.6867469879518072,43,0.06666666666666667,9.666666666666666,10.26987951807229,0.0,0.0,0.0,0.0,18.223234624145785,6.83371298405467,1
0.7647058823529411,42,1.6666666666666667,5.0,3.9016716417910438,0.0,0.0,0.0,0.0,17.75147928994083,14.792899408284024,1
0.6715328467153284,76,0.36666666666666664,7.8,8.53044776119403,0.0,0.0,0.0,0.0,7.23589001447178,8.683068017366137,1
0.75,48,0.6666666666666666,4.833333333333333,5.743809523809524,2.197802197802198,0.0,0.0,0.0,6.593406593406593,13.186813186813186,1
0.7222222222222222,40,0.3333333333333333,8.0,13.69166666666667,0.0,0.0,0.0,0.0,10.92896174863388,5.46448087431694,1
0.8133333333333334,54,0.35294117647058826,9.5,15.39766666666667,0.0,0.0,0.0,0.0,11.876484560570072,4.750593824228028,1
0.7321428571428571,68,0.10526315789473684,6.0,7.809642857142858,1.6863406408094435,0.0,0.0,1.6863406408094435,10.118043844856661,8.431703204047217,1
0.75,40,0.5833333333333334,6.0,7.584126984126986,0.0,0.0,0.0,0.0,15.723270440251572,6.289308176100629,1
0.8133333333333334,53,0.36363636363636365,6.0,7.570945945945947,0.0,0.0,2.4630541871921183,0.0,14.778325123152708,7.389162561576354,1
0.7033898305084746,67,0.48,7.5,8.712826086956525,0.0,1.5337423312883436,0.0,0.0,13.803680981595091,9.202453987730062,1
0.6190476190476191,76,0.5,6.714285714285714,8.871190476190474,0.0,0.0,0.0,0.0,11.481056257175661,8.036739380022961,1
0.717391304347826,82,0.65625,6.428571428571429,6.657647058823532,0.0,0.0,0.0,0.0,12.064343163538874,10.723860589812332,1
0.8309859154929577,51,0.13333333333333333,6.0,6.235323943661971,2.5974025974025974,0.0,2.5974025974025974,0.0,10.38961038961039,10.38961038961039,1
0.7117117117117117,68,0.6666666666666666,9.666666666666666,10.646914414414415,0.0,0.0,0.0,0.0,5.253940455341506,7.005253940455342,1
0.6690647482014388,75,0.2692307692307692,6.666666666666667,9.319820143884893,0.0,0.0,0.0,0.0,6.87757909215956,8.253094910591471,1
0.7605633802816901,44,0.36363636363636365,8.333333333333334,7.249285714285715,0.0,0.0,0.0,0.0,5.571030640668524,11.142061281337048,1
0.7222222222222222,75,0.5,9.0,15.050555555555558,0.0,0.0,0.0,0.0,10.02865329512894,5.730659025787966,1
0.7777777777777778,47,0.2857142857142857,7.0,10.535714285714288,0.0,0.0,0.0,0.0,17.676767676767675,7.575757575757576,1
0.71,57,0.42105263157894735,8.75,9.56028350515464,1.8832391713747645,0.0,0.0,0.0,11.299435028248588,7.532956685499058,1
0.7971014492753623,48,0.3333333333333333,7.333333333333333,9.041176470588237,0.0,0.0,0.0,0.0,17.910447761194032,8.955223880597016,1
0.819672131147541,42,0.3333333333333333,5.0,6.396666666666665,0.0,0.0,0.0,0.0,25.936599423631126,17.29106628242075,1
0.7045454545454546,46,0.5,6.0,16.18590909090909,4.608294930875576,0.0,0.0,0.0,20.737327188940093,4.608294930875576,1
0.7047619047619048,63,0.19230769230769232,9.333333333333334,15.022941176470592,0.0,0.0,0.0,0.0,15.202702702702704,5.0675675675675675,1
0.7555555555555555,56,0.35294117647058826,8.0,14.08636363636364,0.0,0.0,0.0,0.0,17.786561264822137,5.928853754940711,1
0.7252747252747253,53,0.4375,5.4,8.494813186813186,0.0,0.0,0.0,0.0,10.141987829614605,10.141987829614605,1
0.7291666666666666,90,0.2962962962962963,6.285714285714286,8.08424603174603,0.0,0.0,0.0,0.0,19.45525291828794,9.079118028534372,1
0.75,38,0.3,8.666666666666666,7.295625000000001,0.0,0.0,0.0,0.0,15.527950310559007,9.316770186335404,1
0.7878787878787878,44,0.4,4.166666666666667,3.462197802197803,0.0,0.0,2.9585798816568047,2.9585798816568047,17.75147928994083,20.710059171597635,1
0.6392405063291139,77,0.4444444444444444,8.25,15.655897435897437,0.0,0.0,0.0,0.0,18.270401948842874,4.872107186358099,1
0.6666666666666666,66,0.2692307692307692,5.666666666666667,8.333333333333332,0.0,0.0,0.0,0.0,12.232415902140673,9.174311926605505,1
0.622093023255814,85,0.3333333333333333,7.666666666666667,10.614418604651167,0.0,0.0,0.0,0.0,13.513513513513514,6.756756756756757,1
0.7945205479452054,49,0.5,7.0,7.5302397260274,0.0,0.0,0.0,0.0,19.90049751243781,9.950248756218905,1
0.7037037037037037,63,0.4782608695652174,8.25,10.454814814814817,0.0,0.0,0.0,0.0,15.957446808510637,7.092198581560283,1
0.8709677419354839,48,0.25,5.0,3.5201935483870983,3.0211480362537766,0.0,6.042296072507553,0.0,15.105740181268883,9.06344410876133,1
0.65,81,0.3076923076923077,5.875,8.117224842767296,0.0,0.0,0.0,0.0,13.904982618771726,6.952491309385863,1
0.7083333333333334,84,0.4482758620689655,7.2,12.232531468531473,0.0,0.0,0.0,0.0,17.721518987341774,6.329113924050633,1
0.648,64,0.42105263157894735,7.0,10.208000000000002,0.0,0.0,0.0,0.0,10.670731707317074,7.621951219512195,1
0.7868852459016393,41,0.375,4.5,4.285368852459019,0.0,0.0,12.578616352201259,0.0,18.867924528301884,12.578616352201259,1
0.6810344827586207,63,0.43478260869565216,8.0,8.25826086956522,0.0,0.0,0.0,0.0,11.666666666666668,8.333333333333334,1
0.7833333333333333,37,0.5454545454545454,6.5,11.450000000000003,0.0,0.0,0.0,0.0,9.966777408637872,6.644518272425249,1
0.6886792452830188,58,0.18181818181818182,6.8,7.09714285714286,0.0,0.0,0.0,0.0,9.363295880149813,9.363295880149813,1
0.7096774193548387,93,0.36,6.833333333333333,9.39421568627451,1.2531328320802004,0.0,0.0,0.0,8.771929824561402,7.518796992481203,1
0.7317073170731707,47,0.5,4.5,2.653841463414633,0.0,0.0,5.050505050505051,0.0,25.252525252525253,15.151515151515152,1
0.6782608695652174,62,0.29411764705882354,7.0,10.533771929824564,1.736111111111111,0.0,0.0,0.0,17.36111111111111,6.944444444444444,1
0.5919540229885057,74,0.4666666666666667,6.571428571428571,9.085880398671097,0.0,0.0,0.0,0.0,12.373453318335208,7.874015748031496,1
0.7126436781609196,49,0.23076923076923078,4.666666666666667,3.5041085271317876,0.0,0.0,0.0,0.0,8.88888888888889,15.555555555555555,1
0.7333333333333333,47,0.7142857142857143,5.75,6.039833333333334,0.0,0.0,0.0,0.0,8.571428571428571,11.428571428571429,1
0.8666666666666667,57,0.4,4.875,5.773033268101766,0.0,0.0,2.4096385542168677,2.4096385542168677,21.686746987951807,21.686746987951807,1
0.8356164383561644,51,1.0,7.666666666666667,14.874718309859158,0.0,0.0,0.0,0.0,10.204081632653061,7.653061224489796,1
0.8484848484848485,49,0.3076923076923077,7.666666666666667,10.287692307692314,0.0,0.0,0.0,0.0,15.306122448979592,7.653061224489796,1
0.7916666666666666,47,0.25,6.5,5.293063380281691,0.0,0.0,0.0,0.0,13.440860215053764,10.752688172043012,1
0.7738095238095238,52,0.4,6.333333333333333,8.848192771084339,0.0,0.0,0.0,0.0,16.666666666666668,7.142857142857142,1
0.7948717948717948,54,0.3125,8.5,17.925128205128207,0.0,0.0,0.0,0.0,11.037527593818986,4.415011037527594,1
0.7063492063492064,72,0.48,9.666666666666666,17.659032258064517,0.0,0.0,0.0,0.0,13.831258644536652,4.149377593360996,1
0.7894736842105263,65,0.6875,8.333333333333334,14.149473684210527,0.0,0.0,0.0,0.0,9.541984732824428,5.7251908396946565,1
0.7722772277227723,66,0.5238095238095238,9.333333333333334,11.583712121212123,0.0,0.0,0.0,0.0,11.945392491467578,6.825938566552901,1
0.6824324324324325,84,0.3548387096774194,9.333333333333334,19.71602739726028,0.0,0.0,0.0,0.0,11.479591836734695,3.826530612244898,1
0.680672268907563,60,0.2,7.0,11.056275862068969,0.0,1.4749262536873156,0.0,0.0,17.699115044247787,8.849557522123893,1
0.7289156626506024,102,0.3125,5.466666666666667,5.675943562610232,0.0,0.0,2.1929824561403506,1.0964912280701753,14.254385964912279,15.350877192982455,1
0.7922077922077922,54,0.5555555555555556,6.0,6.622666666666671,0.0,0.0,0.0,2.4271844660194173,33.980582524271846,21.844660194174757,1
0.7,63,0.21052631578947367,7.0,9.932716981132078,1.6129032258064515,3.225806451612903,0.0,0.0,12.903225806451612,9.67741935483871,1
0.7009345794392523,60,0.5263157894736842,9.666666666666666,12.487359813084115,1.6286644951140066,0.0,0.0,0.0,4.885993485342019,6.514657980456026,1
0.7741935483870968,40,0.3333333333333333,6.0,8.395737704918034,0.0,2.967359050445104,0.0,0.0,11.869436201780417,8.902077151335313,1
0.7671232876712328,44,0.36363636363636365,5.25,6.722020547945206,0.0,0.0,0.0,0.0,16.80672268907563,11.204481792717086,1
0.7012195121951219,100,0.6578947368421053,8.0,9.015741583257505,0.0,0.0,0.0,0.0,24.175824175824175,7.6923076923076925,1
0.6790123456790124,89,0.5517241379310345,6.333333333333333,7.911097046413502,0.0,3.472222222222222,0.0,0.0,10.416666666666666,10.416666666666666,1
0.7323943661971831,43,0.6666666666666666,5.0,5.404338028169018,0.0,0.0,0.0,0.0,8.152173913043478,16.304347826086957,1
0.7078651685393258,53,0.2857142857142857,5.6,6.560363636363636,2.2522522522522523,0.0,0.0,0.0,15.765765765765764,11.26126126126126,1
0.78125,41,0.5555555555555556,6.0,8.586250000000003,0.0,0.0,0.0,0.0,20.64896755162242,8.849557522123893,1
0.8285714285714286,50,0.5833333333333334,5.4,7.829848484848487,0.0,2.5252525252525255,5.050505050505051,0.0,17.676767676767675,7.575757575757576,1
0.7532467532467533,47,0.1875,6.0,6.295270270270269,0.0,0.0,0.0,0.0,15.424164524421593,7.712082262210797,1
0.6666666666666666,54,0.21052631578947367,4.777777777777778,4.033477064220186,0.0,0.0,0.0,1.7857142857142856,10.714285714285714,23.214285714285715,1
0.7238805970149254,78,0.48148148148148145,8.25,13.846622137404584,0.0,0.0,0.0,0.0,14.005602240896359,5.602240896358543,1
0.7088607594936709,42,0.2,5.5,4.094161392405066,0.0,0.0,0.0,0.0,17.114914425427873,24.44987775061125,1
0.7195121951219512,46,0.17647058823529413,7.0,10.090617283950618,0.0,0.0,0.0,0.0,12.01923076923077,7.211538461538462,1
0.696969696969697,35,0.6666666666666666,6.5,11.086875000000003,3.3333333333333335,0.0,0.0,0.0,10.0,6.666666666666667,1
0.5909090909090909,68,0.4117647058823529,6.666666666666667,7.742128851540617,0.0,0.0,0.0,0.0,11.96808510638298,9.308510638297872,1
0.796875,42,0.8333333333333334,5.5,6.473134920634923,0.0,0.0,0.0,0.0,6.079027355623101,12.158054711246201,1
0.7976190476190477,59,0.14285714285714285,11.5,11.187073170731711,0.0,0.0,0.0,0.0,6.928406466512702,6.928406466512702,1
0.8169014084507042,49,0.5454545454545454,9.5,10.924507042253524,0.0,0.0,0.0,0.0,12.195121951219512,7.317073170731708,1
0.6763005780346821,99,0.5416666666666666,7.166666666666667,9.554732658959537,1.0810810810810811,0.0,0.0,0.0,10.81081081081081,8.64864864864865,1
0.8295454545454546,64,0.5,8.333333333333334,9.349090909090915,0.0,0.0,0.0,0.0,16.70146137787056,8.35073068893528,1
0.706766917293233,78,0.38461538461538464,7.0,11.292122137404583,0.0,0.0,0.0,0.0,10.723860589812332,6.702412868632708,1
0.7129629629629629,62,0.7272727272727273,7.5,11.055119047619048,0.0,0.0,0.0,0.0,23.64864864864865,6.756756756756757,1
0.674074074074074,74,0.2,9.0,12.357089552238808,0.0,0.0,0.0,0.0,13.043478260869565,5.797101449275362,1
0.7252747252747253,51,0.7857142857142857,5.8,6.517777777777781,2.136752136752137,2.136752136752137,2.136752136752137,0.0,10.683760683760683,10.683760683760683,1
0.8,43,0.6666666666666666,8.0,10.10666666666667,0.0,0.0,0.0,0.0,11.869436201780417,5.934718100890208,1
0.7303370786516854,55,0.14285714285714285,6.25,8.14227272727273,2.277904328018223,0.0,0.0,0.0,9.111617312072893,9.111617312072893,1
0.711340206185567,56,0.5454545454545454,10.666666666666666,15.510721649484541,0.0,0.0,0.0,0.0,11.07011070110701,5.535055350553505,1
0.6666666666666666,57,0.2777777777777778,10.0,13.952477064220187,0.0,3.6496350364963503,0.0,0.0,12.773722627737227,5.474452554744526,1
0.7910447761194029,44,0.2,6.0,9.19846153846154,0.0,0.0,0.0,0.0,17.191977077363898,8.595988538681949,1
0.7313432835820896,40,0.7,9.0,12.62126865671642,0.0,0.0,0.0,0.0,20.527859237536656,5.865102639296188,1
0.782608695652174,47,0.42857142857142855,5.4,8.026082089552244,0.0,0.0,0.0,0.0,15.34526854219949,12.78772378516624,1
0.6230769230769231,59,0.5333333333333333,7.25,11.07,0.0,0.0,0.0,0.0,14.836795252225519,7.4183976261127595,1
0.6829268292682927,65,0.6875,6.6,10.600747967479677,0.0,0.0,0.0,0.0,15.45595054095827,7.727975270479135,1
0.6611570247933884,61,0.29411764705882354,6.333333333333333,7.353333333333335,0.0,0.0,1.6025641025641024,0.0,11.217948717948717,6.41025641025641,1
0.6771653543307087,63,0.30434782608695654,5.714285714285714,8.25095,0.0,0.0,0.0,0.0,13.062409288824384,11.611030478955007,1
0.6290322580645161,60,0.6428571428571429,4.636363636363637,2.9896138211382137,0.0,1.7064846416382253,0.0,0.0,5.1194539249146755,20.477815699658702,1
0.6209150326797386,76,0.4074074074074074,7.8,12.154457516339871,0.0,0.0,0.0,0.0,16.311166875784192,6.273525721455458,1
0.656934306569343,67,0.38095238095238093,7.75,13.218425925925928,0.0,0.0,0.0,0.0,21.09704641350211,5.625879043600563,1
0.6078431372549019,66,0.6666666666666666,4.666666666666667,6.1917439293598235,2.6143790849673203,2.6143790849673203,2.6143790849673203,0.0,11.76470588235294,9.150326797385622,1
0.6785714285714286,40,0.2857142857142857,6.0,11.265060240963859,2.2522522522522523,0.0,0.0,0.0,18.01801801801802,6.756756756756757,1
0.7012987012987013,43,0.625,8.333333333333334,8.884736842105266,0.0,2.631578947368421,0.0,0.0,7.894736842105264,7.894736842105264,1
0.6854838709677419,69,0.2727272727272727,5.875,6.996190476190478,0.0,0.0,0.0,0.0,16.051364365971107,11.235955056179774,1
0.6463414634146342,39,0.14285714285714285,5.2,4.908439024390244,0.0,0.0,0.0,0.0,19.607843137254903,12.254901960784313,1
0.6518518518518519,68,0.3333333333333333,6.5,8.706567164179102,0.0,0.0,0.0,0.0,15.514809590973202,8.462623413258111,1
0.7261904761904762,48,0.3333333333333333,8.0,10.220476190476191,2.331002331002331,0.0,0.0,0.0,9.324009324009324,6.993006993006993,1
0.7013888888888888,80,0.65,7.0,11.141333333333332,1.3054830287206267,0.0,0.0,0.0,18.276762402088774,3.9164490861618795,1
0.6589595375722543,90,0.4,8.4,14.291116279069769,0.0,0.0,0.0,0.0,7.616974972796518,5.4406964091403704,1
0.6853932584269663,47,0.16666666666666666,5.285714285714286,4.7192118226601,0.0,0.0,0.0,0.0,13.605442176870747,15.873015873015872,1
0.7391304347826086,56,0.4,4.571428571428571,4.02919254658385,2.1881838074398248,0.0,0.0,0.0,13.129102844638949,13.129102844638949,1
0.746031746031746,39,0.4,7.5,10.964516129032258,0.0,0.0,0.0,0.0,6.756756756756757,6.756756756756757,1
0.7542372881355932,76,0.6842105263157895,6.4,9.672752136752134,0.0,0.0,0.0,0.0,13.114754098360656,8.196721311475411,1
0.6730769230769231,54,0.2,5.4,6.724,0.0,0.0,0.0,0.0,15.904572564612325,9.940357852882704,1
0.7692307692307693,40,1.2,4.6,4.547692307692309,0.0,0.0,0.0,0.0,15.197568389057752,15.197568389057752,1
0.7777777777777778,39,0.38461538461538464,7.0,7.958730158730159,0.0,0.0,0.0,0.0,9.06344410876133,9.06344410876133,1
0.6847826086956522,45,0.3333333333333333,7.0,10.606956521739132,0.0,0.0,0.0,0.0,11.79245283018868,7.0754716981132075,1
0.7215189873417721,46,0.3076923076923077,7.666666666666667,10.512911392405062,0.0,0.0,0.0,0.0,14.150943396226415,7.0754716981132075,1
0.7183098591549296,37,0.25,4.6,4.960669014084509,0.0,0.0,0.0,3.0211480362537766,12.084592145015106,12.084592145015106,1
0.6813186813186813,46,0.3333333333333333,5.25,8.997612359550562,2.109704641350211,2.109704641350211,0.0,0.0,23.206751054852322,6.329113924050633,1
0.7164179104477612,36,0.6666666666666666,6.333333333333333,7.209552238805969,0.0,0.0,0.0,0.0,15.822784810126583,9.49367088607595,1
0.7181818181818181,59,0.47368421052631576,7.0,7.9500458715596345,1.6863406408094435,1.6863406408094435,0.0,0.0,8.431703204047217,10.118043844856661,1
0.6394557823129252,69,0.32,7.428571428571429,7.092230919765168,0.0,0.0,0.0,0.0,15.404364569961489,8.985879332477536,1
0.6153846153846154,86,0.1111111111111111,8.5,11.777777777777779,0.0,0.0,0.0,0.0,14.07035175879397,6.030150753768844,1
0.819672131147541,44,0.2857142857142857,5.166666666666667,2.8831967213114744,0.0,0.0,12.944983818770227,0.0,6.472491909385114,9.70873786407767,1
0.6225165562913907,71,0.19230769230769232,7.0,8.37385052034059,6.257822277847309,0.0,0.0,0.0,11.264080100125156,7.509386733416771,1
0.6942148760330579,61,0.375,5.5,8.828333333333337,0.0,1.5360983102918586,0.0,0.0,15.360983102918587,7.680491551459293,1
0.7053571428571429,61,0.42857142857142855,5.857142857142857,6.558928571428574,0.0,0.0,0.0,0.0,6.791171477079796,8.488964346349746,1
0.8,55,0.1875,6.666666666666667,9.375641025641027,0.0,0.0,0.0,0.0,16.706443914081145,7.159904534606206,1
0.6702127659574468,42,0.6666666666666666,5.5,4.454042553191492,0.0,0.0,0.0,0.0,11.037527593818986,13.245033112582782,1
0.6592592592592592,70,0.5714285714285714,10.0,27.954259259259263,0.0,0.0,0.0,0.0,12.87001287001287,2.574002574002574,1
0.7529411764705882,50,0.5,26.0,34.12457831325301,0.0,2.0833333333333335,0.0,0.0,6.25,2.0833333333333335,1
0.7012987012987013,39,0.35714285714285715,4.833333333333333,5.186842105263157,0.0,2.444987775061125,0.0,0.0,14.669926650366747,14.669926650366747,1
0.768595041322314,82,0.46153846153846156,8.25,13.220000000000002,0.0,0.0,0.0,0.0,10.37037037037037,5.925925925925926,1
0.6953125,75,0.5238095238095238,10.333333333333334,17.735937500000002,0.0,0.0,0.0,0.0,17.543859649122805,4.385964912280701,1
0.7578125,77,0.5172413793103449,5.25,8.755396825396826,0.0,0.0,2.8530670470756063,0.0,19.971469329529242,8.559201141226819,1
0.7738095238095238,55,0.23076923076923078,6.0,12.118072289156633,0.0,0.0,0.0,0.0,20.224719101123593,6.741573033707866,1
0.7216494845360825,52,0.15384615384615385,8.333333333333334,12.286315789473687,0.0,0.0,0.0,0.0,9.900990099009901,5.9405940594059405,1
0.7558139534883721,51,0.4666666666666667,5.333333333333333,10.82023255813954,0.0,0.0,0.0,0.0,6.993006993006993,6.993006993006993,1
0.6989247311827957,54,0.05555555555555555,5.5,6.061451612903227,0.0,0.0,2.079002079002079,0.0,16.632016632016633,10.395010395010395,1
0.6787878787878788,93,0.5833333333333334,5.555555555555555,8.401628787878789,0.0,0.0,0.0,1.1848341232227488,9.47867298578199,8.293838862559243,1
0.765625,40,0.5454545454545454,6.333333333333333,9.831746031746032,0.0,0.0,0.0,0.0,12.307692307692308,9.230769230769232,1
0.7941176470588235,44,0.6,4.8,4.247307692307693,0.0,0.0,0.0,0.0,5.698005698005698,17.094017094017097,1
0.7450980392156863,95,0.25,5.625,10.388476190476194,0.0,0.0,3.5087719298245617,0.0,11.695906432748536,8.187134502923977,1
0.6746987951807228,39,0.15384615384615385,9.0,16.95808641975309,0.0,0.0,0.0,0.0,8.968609865470851,4.484304932735426,1
0.7244094488188977,75,0.48148148148148145,8.6,9.878774193548388,0.0,0.0,0.0,0.0,10.510510510510512,7.5075075075075075,1
0.6973684210526315,39,0.3333333333333333,8.333333333333334,9.50578947368421,0.0,0.0,0.0,0.0,12.82051282051282,7.6923076923076925,1
0.6629213483146067,98,0.35,6.375,8.30541666666667,0.0,0.0,0.0,0.0,14.145810663764962,8.705114254624592,1
0.8064516129032258,43,0.6,6.666666666666667,8.076451612903227,0.0,0.0,0.0,0.0,9.11854103343465,9.11854103343465,1
0.6433566433566433,67,0.32142857142857145,6.857142857142857,5.845452127659577,0.0,0.0,0.0,0.0,14.608233731739707,10.624169986719787,1
0.6257309941520468,79,0.6818181818181818,7.571428571428571,8.965476190476192,0.0,0.0,0.0,0.0,13.201320132013201,11.001100110011002,1
0.6739130434782609,72,0.625,6.571428571428571,5.952318840579711,0.0,0.0,0.0,0.0,16.877637130801688,12.658227848101266,1
0.7441860465116279,52,0.7142857142857143,6.25,7.41279411764706,0.0,0.0,0.0,0.0,16.74641148325359,9.569377990430622,1
0.6785714285714286,61,0.3,7.0,11.816283783783785,0.0,0.0,0.0,0.0,16.528925619834713,6.6115702479338845,1
0.7638888888888888,46,0.7,7.666666666666667,7.491111111111113,0.0,0.0,0.0,0.0,10.554089709762533,10.554089709762533,1
0.7452830188679245,60,0.4,5.666666666666667,5.963529411764707,0.0,0.0,0.0,0.0,19.193857965451055,11.516314779270633,1
0.6549295774647887,77,0.34375,7.285714285714286,7.915359675785208,0.0,0.0,0.0,0.0,12.178619756427604,9.472259810554805,1
0.5555555555555556,73,0.5714285714285714,5.888888888888889,6.763333333333335,0.0,0.0,0.0,0.0,12.835472578763126,10.501750291715286,1
0.6141732283464567,59,0.3888888888888889,4.777777777777778,5.429868766404201,0.0,0.0,0.0,0.0,9.188361408882084,10.719754977029096,1
0.6666666666666666,71,0.2692307692307692,6.666666666666667,6.766019503546101,0.0,0.0,0.0,0.0,19.28374655647383,11.019283746556475,1
0.7058823529411765,44,0.4,5.75,6.5882352941176485,0.0,0.0,0.0,0.0,15.909090909090908,11.363636363636363,1
0.7164179104477612,34,0.4,3.5,2.2941604477611968,0.0,0.0,2.9585798816568047,0.0,11.834319526627219,14.792899408284024,1
0.6116504854368932,44,0.15,8.2,7.432000000000002,1.937984496124031,1.937984496124031,0.0,0.0,11.627906976744185,11.627906976744185,1
0.6379310344827587,54,0.35294117647058826,5.0,6.334926108374386,1.644736842105263,0.0,0.0,0.0,13.157894736842104,14.802631578947368,1
0.7777777777777778,40,0.125,6.0,5.613741935483876,0.0,0.0,0.0,0.0,20.895522388059703,14.925373134328359,1
0.7419354838709677,52,0.35,5.75,10.753888888888891,0.0,0.0,0.0,0.0,11.857707509881422,7.905138339920948,1
0.8307692307692308,47,0.4166666666666667,8.0,12.428333333333335,0.0,0.0,0.0,0.0,11.76470588235294,5.88235294117647,1
0.8166666666666667,45,0.15384615384615385,6.25,5.796666666666667,0.0,0.0,0.0,0.0,14.749262536873156,11.799410029498524,1
0.765625,41,0.35714285714285715,6.666666666666667,7.848749999999999,0.0,0.0,0.0,0.0,11.904761904761903,8.928571428571429,1
0.6953125,72,0.5,6.666666666666667,7.958730158730159,0.0,0.0,0.0,0.0,16.011644832605533,8.73362445414847,1
0.8833333333333333,46,0.6,7.5,7.173333333333336,0.0,0.0,0.0,0.0,21.148036253776436,12.084592145015106,1
0.7066666666666667,87,0.4074074074074074,9.4,12.900456375838928,0.0,0.0,0.0,0.0,13.349514563106796,8.495145631067961,1
0.536,42,0.16,10.0,18.083801652892564,0.0,0.0,0.0,0.0,7.4183976261127595,10.385756676557863,1
0.5961538461538461,38,0.5238095238095238,7.5,9.20074257425743,0.0,0.0,0.0,0.0,0.0,17.21170395869191,1
0.5411764705882353,64,0.4,9.833333333333334,17.35176331360947,0.0,0.0,0.0,0.0,5.741626794258373,6.698564593301436,1
0.6382978723404256,45,0.2727272727272727,8.2,12.50975806451613,0.0,0.0,0.0,0.0,8.880994671403197,10.657193605683837,1
0.6352941176470588,36,0.2222222222222222,10.333333333333334,11.906585365853658,0.0,0.0,0.0,0.0,4.464285714285714,11.160714285714286,1
0.625,55,0.15384615384615385,7.666666666666667,10.764724770642204,0.0,0.0,0.0,0.0,3.0395136778115504,22.796352583586625,1
0.625,30,0.3157894736842105,7.666666666666667,10.690454545454546,0.0,0.0,0.0,0.0,2.3923444976076556,21.5311004784689,1
0.5669291338582677,47,0.5357142857142857,7.75,16.296756198347108,0.0,0.0,0.0,0.0,16.28222523744912,13.568521031207599,1
0.6416666666666667,61,0.16666666666666666,10.0,16.661666666666672,0.0,0.0,0.0,0.0,2.638522427440633,5.277044854881266,1
0.6578947368421053,34,0.2222222222222222,12.5,16.38054054054054,0.0,0.0,0.0,0.0,0.0,5.0,1
0.71875,51,0.3448275862068966,6.666666666666667,18.70430107526882,0.0,0.0,0.0,0.0,22.082018927444796,11.041009463722398,1
0.5984251968503937,48,0.20689655172413793,6.666666666666667,18.637252066115703,0.0,0.0,0.0,0.0,18.564356435643564,12.376237623762377,1
0.47586206896551725,43,0.25,6.285714285714286,14.625538461538465,0.0,0.0,0.0,0.0,5.0,10.0,1
0.5844155844155844,30,0.21739130434782608,6.75,16.186666666666667,0.0,0.0,0.0,0.0,2.070393374741201,12.422360248447204,1
0.6057692307692307,45,0.14285714285714285,8.0,47.095882352941175,0.0,0.0,0.0,1.466275659824047,19.06158357771261,5.865102639296188,1
0.6333333333333333,44,0.5,8.333333333333334,17.556781609195408,0.0,0.0,0.0,0.0,3.361344537815126,8.403361344537815,1
0.6527777777777778,31,0.6,8.0,13.802884615384617,0.0,0.0,0.0,0.0,0.0,11.185682326621924,1
0.8307692307692308,47,0.7333333333333333,12.5,18.421984126984132,0.0,0.0,0.0,0.0,2.3584905660377355,4.716981132075471,1
0.7375,47,0.3684210526315789,9.0,13.218798701298702,0.0,0.0,0.0,0.0,1.976284584980237,11.857707509881422,1
0.7575757575757576,64,0.76,7.25,23.025454545454547,0.0,0.0,0.0,1.3831258644536653,8.298755186721992,4.149377593360996,2
0.7640449438202247,57,0.21875,9.0,22.762022471910118,0.0,0.0,0.0,0.0,11.7820324005891,4.418262150220913,2
0.7326732673267327,61,0.4666666666666667,7.8,17.056316831683173,0.0,0.0,0.0,0.0,8.391608391608392,6.993006993006993,2
0.7906976744186046,58,0.4827586206896552,7.5,17.629883720930234,0.0,0.0,0.0,0.0,18.89763779527559,6.299212598425196,2
0.8043478260869565,61,0.5925925925925926,7.5,20.19388888888889,0.0,0.0,0.0,0.0,10.23391812865497,5.847953216374268,2
0.7446808510638298,59,0.5483870967741935,8.25,21.340869565217393,0.0,0.0,0.0,0.0,11.220196353436185,5.610098176718092,2
0.7428571428571429,66,0.7407407407407407,8.25,22.89619047619048,0.0,0.0,0.0,1.3333333333333333,12.0,4.0,2
0.7777777777777778,51,0.48,8.333333333333334,22.619012345679014,0.0,0.0,0.0,0.0,20.24922118380062,4.672897196261682,2
0.7619047619047619,53,0.5769230769230769,7.0,16.532710843373497,0.0,0.0,0.0,0.0,12.841091492776886,9.630818619582664,2
0.8048780487804879,55,0.35294117647058826,7.5,22.19280487804878,0.0,0.0,0.0,0.0,14.792899408284024,5.9171597633136095,2
0.8076923076923077,76,0.36585365853658536,7.4,17.483538461538462,0.0,0.0,0.0,0.0,13.836477987421384,6.289308176100629,2
0.6746987951807228,48,0.391304347826087,6.2,14.981609756097566,0.0,0.0,0.0,0.0,5.244755244755245,8.741258741258742,2
0.6947368421052632,49,0.4583333333333333,6.5,20.098260869565213,1.5432098765432098,0.0,0.0,1.5432098765432098,7.716049382716049,4.62962962962963,2
0.7741935483870968,63,0.2727272727272727,8.5,19.868897849462368,0.0,0.0,0.0,0.0,15.781922525107603,5.738880918220947,2
0.8333333333333334,60,0.6296296296296297,9.5,19.992857142857144,0.0,0.0,0.0,0.0,10.638297872340425,6.079027355623101,2
0.7934782608695652,63,0.4666666666666667,7.75,20.325,0.0,0.0,0.0,0.0,11.661807580174926,5.830903790087463,2
0.7526881720430108,57,0.3333333333333333,7.2,16.275032967032967,0.0,0.0,0.0,0.0,12.232415902140673,7.6452599388379205,2
0.75,71,0.38235294117647056,9.0,19.10418224299065,0.0,0.0,0.0,0.0,13.089005235602095,5.235602094240838,2
0.7428571428571429,66,0.7407407407407407,8.25,22.89619047619048,0.0,0.0,0.0,1.3333333333333333,12.0,4.0,2
0.7777777777777778,51,0.48,8.333333333333334,22.619012345679014,0.0,0.0,0.0,0.0,20.24922118380062,4.672897196261682,2
0.7831325301204819,56,0.5384615384615384,7.4,15.988926829268298,0.0,0.0,0.0,0.0,15.0,8.333333333333334,2
0.8241758241758241,63,0.5294117647058824,6.8,19.64646153846154,0.0,0.0,0.0,0.0,16.37107776261937,6.8212824010914055,2
0.680327868852459,63,0.6111111111111112,8.8,18.680235294117647,0.0,0.0,0.0,0.0,12.514220705346986,5.688282138794084,2
0.7129629629629629,66,0.5757575757575758,7.5,20.427546728971965,0.0,0.0,0.0,0.0,10.037641154328732,5.018820577164366,2
0.7263157894736842,55,0.5,6.25,20.99608695652174,1.5174506828528074,0.0,0.0,1.5174506828528074,7.587253414264037,4.552352048558422,2
0.7741935483870968,61,0.72,9.333333333333334,21.876344086021508,0.0,0.0,0.0,0.0,14.184397163120567,4.25531914893617,2
0.8037383177570093,74,0.46153846153846156,8.4,19.90857142857143,1.2453300124533002,0.0,0.0,0.0,16.1892901618929,6.226650062266501,2
0.7722772277227723,66,0.37142857142857144,6.666666666666667,17.751428571428573,0.0,0.0,0.0,0.0,9.09090909090909,7.792207792207792,2
0.7560975609756098,54,0.4090909090909091,7.5,16.92725308641975,0.0,0.0,0.0,0.0,6.932409012131715,6.932409012131715,2
0.7525773195876289,62,0.2857142857142857,8.5,20.995335051546395,0.0,0.0,0.0,0.0,16.689847009735743,5.563282336578581,2
0.7428571428571429,66,0.7407407407407407,8.25,22.783809523809527,0.0,0.0,0.0,1.3315579227696406,11.984021304926763,3.9946737683089215,2
0.78125,63,0.41935483870967744,7.75,21.672083333333337,0.0,0.0,0.0,0.0,17.994858611825194,5.141388174807197,2
0.7701149425287356,54,0.45161290322580644,8.75,21.33453488372093,0.0,0.0,0.0,0.0,16.467065868263475,5.9880239520958085,2
0.8117647058823529,60,0.36666666666666664,7.5,19.992857142857144,0.0,0.0,0.0,0.0,9.30232558139535,6.2015503875969,2
0.7931034482758621,60,0.56,8.5,20.236860465116283,0.0,0.0,0.0,0.0,12.232415902140673,6.116207951070336,2
0.7916666666666666,65,0.68,7.2,18.982425531914895,1.4005602240896358,0.0,0.0,0.0,8.403361344537815,7.002801120448179,2
0.7263157894736842,55,0.5,6.25,20.99608695652174,1.5174506828528074,0.0,0.0,1.5174506828528074,7.587253414264037,4.552352048558422,2
0.8589743589743589,59,0.52,9.0,22.234615384615385,0.0,0.0,0.0,0.0,15.847860538827259,4.754358161648177,2
0.7916666666666666,68,0.5185185185185185,7.0,18.77565217391304,0.0,0.0,0.0,0.0,13.353115727002967,5.934718100890208,2
0.7978723404255319,66,0.3142857142857143,8.0,22.36695652173913,0.0,0.0,0.0,0.0,19.04761904761905,5.442176870748299,2
0.8051948051948052,53,0.4482758620689655,8.0,22.310909090909096,0.0,0.0,0.0,0.0,9.523809523809526,4.761904761904763,2
0.75,74,0.4375,9.0,18.745756880733946,0.0,0.0,0.0,0.0,7.8125,5.208333333333333,2
0.7428571428571429,66,0.7407407407407407,8.25,22.89619047619048,0.0,0.0,0.0,1.3333333333333333,12.0,4.0,2
0.7777777777777778,51,0.48,8.333333333333334,22.619012345679014,0.0,0.0,0.0,0.0,20.24922118380062,4.672897196261682,2
0.7831325301204819,56,0.5384615384615384,7.4,15.988926829268298,0.0,0.0,0.0,0.0,15.0,8.333333333333334,2
0.7752808988764045,55,0.5,6.8,18.929528089887643,0.0,0.0,0.0,0.0,16.901408450704224,7.042253521126761,2
0.6904761904761905,69,0.5945945945945946,9.0,19.20458064516129,0.0,0.0,0.0,0.0,12.114537444933921,5.506607929515419,2
0.7444444444444445,54,0.4,8.5,20.718333333333337,0.0,0.0,0.0,0.0,8.595988538681949,5.730659025787966,2
0.7428571428571429,66,0.7407407407407407,8.25,22.89619047619048,0.0,0.0,0.0,1.3333333333333333,12.0,4.0,2
0.7777777777777778,51,0.48,8.333333333333334,22.619012345679014,0.0,0.0,0.0,0.0,20.24922118380062,4.672897196261682,2
0.7831325301204819,56,0.5384615384615384,7.4,15.988926829268298,0.0,0.0,0.0,0.0,15.0,8.333333333333334,2
0.7816091954022989,54,0.47058823529411764,6.8,19.407494252873565,0.0,0.0,0.0,0.0,16.973125884016973,7.072135785007072,2
0.6935483870967742,69,0.5945945945945946,9.4,18.68665573770492,0.0,0.0,0.0,0.0,12.249443207126948,5.567928730512249,2
0.7901234567901234,53,0.6842105263157895,8.5,17.285,0.0,0.0,0.0,0.0,8.547008547008549,6.837606837606837,2
0.7052631578947368,53,0.5909090909090909,6.5,21.124347826086964,1.5220700152207,0.0,0.0,1.5220700152207,7.610350076103501,4.5662100456621,2
0.7,41,0.39285714285714285,9.666666666666666,19.7375,0.0,0.0,0.0,0.0,20.13422818791946,5.033557046979865,2
0.7228915662650602,53,0.47619047619047616,7.0,17.37487804878049,0.0,0.0,0.0,0.0,9.174311926605505,5.5045871559633035,2
0.8085106382978723,65,0.35135135135135137,8.6,18.52078260869565,0.0,0.0,0.0,0.0,15.736766809728183,7.15307582260372,2
0.7368421052631579,55,0.5714285714285714,6.4,17.224978723404252,0.0,0.0,0.0,0.0,15.514809590973202,7.052186177715092,2
0.8313253012048193,61,0.64,8.5,20.225391566265063,0.0,0.0,0.0,0.0,6.079027355623101,6.079027355623101,2
0.7428571428571429,66,0.7407407407407407,8.25,22.89619047619048,0.0,0.0,0.0,1.3333333333333333,12.0,4.0,2
0.7777777777777778,51,0.48,8.333333333333334,22.619012345679014,0.0,0.0,0.0,0.0,20.24922118380062,4.672897196261682,2
0.7831325301204819,56,0.5384615384615384,7.4,15.988926829268298,0.0,0.0,0.0,0.0,15.0,8.333333333333334,2
0.7816091954022989,54,0.47058823529411764,6.8,19.407494252873565,0.0,0.0,0.0,0.0,16.973125884016973,7.072135785007072,2
0.6352201257861635,77,0.5,9.333333333333334,18.150000000000002,0.0,0.0,0.0,0.0,10.79136690647482,5.39568345323741,2
0.7428571428571429,66,0.7407407407407407,8.25,22.89619047619048,0.0,0.0,0.0,1.3333333333333333,12.0,4.0,2
0.7777777777777778,51,0.48,8.333333333333334,22.619012345679014,0.0,0.0,0.0,0.0,20.24922118380062,4.672897196261682,2
0.7647058823529411,57,0.5769230769230769,7.6,15.404857142857146,0.0,0.0,0.0,0.0,13.377926421404682,8.361204013377925,2
0.797979797979798,68,0.45714285714285713,7.4,19.06937373737374,2.58732212160414,0.0,0.0,0.0,14.23027166882277,6.468305304010349,2
0.8214285714285714,59,0.44,8.75,19.37237951807229,1.6286644951140066,0.0,0.0,0.0,8.143322475570033,6.514657980456026,2
0.8181818181818182,56,0.5833333333333334,6.5,19.655162337662336,0.0,0.0,0.0,0.0,8.305647840531561,6.644518272425249,2
0.6585365853658537,43,0.6956521739130435,11.333333333333334,21.979756097560976,0.0,0.0,0.0,0.0,11.475409836065573,4.918032786885246,2
0.6964285714285714,65,0.5625,8.75,23.154311926605505,1.2578616352201257,0.0,0.0,1.2578616352201257,10.062893081761006,3.7735849056603774,2
0.7261904761904762,52,0.2962962962962963,7.0,18.661536144578317,0.0,0.0,0.0,0.0,11.437908496732025,6.5359477124183005,2
0.7654320987654321,53,0.3076923076923077,8.0,21.065,0.0,0.0,0.0,0.0,13.093289689034371,4.909983633387888,2
0.8725490196078431,81,0.47058823529411764,6.8,19.320901960784315,0.0,0.0,0.0,0.0,12.437810945273633,6.218905472636816,2
0.8452380952380952,63,0.2903225806451613,8.0,20.936234939759043,0.0,0.0,0.0,0.0,11.71303074670571,5.856515373352855,2
0.7058823529411765,49,0.6666666666666666,7.5,15.919047619047621,0.0,0.0,0.0,0.0,6.802721088435374,6.802721088435374,2
0.7263157894736842,55,0.5,6.25,20.99608695652174,1.5174506828528074,0.0,0.0,1.5174506828528074,7.587253414264037,4.552352048558422,2
0.8589743589743589,59,0.52,9.0,22.234615384615385,0.0,0.0,0.0,0.0,15.847860538827259,4.754358161648177,2
0.776595744680851,64,0.5,7.0,17.57166666666667,0.0,0.0,0.0,0.0,14.018691588785046,6.230529595015576,2
0.8152173913043478,66,0.3235294117647059,8.5,22.422777777777778,0.0,0.0,0.0,0.0,19.310344827586206,5.517241379310344,2
0.7682926829268293,52,0.42857142857142855,7.5,21.04158536585366,0.0,0.0,0.0,0.0,12.326656394453005,6.163328197226503,2
0.7835051546391752,67,0.6153846153846154,10.0,23.44,1.375515818431912,0.0,0.0,0.0,6.87757909215956,4.126547455295736,2
0.7575757575757576,64,0.76,7.25,23.025454545454547,0.0,0.0,0.0,1.3831258644536653,8.298755186721992,4.149377593360996,2
0.7619047619047619,55,0.37037037037037035,7.666666666666667,19.937349397590364,0.0,0.0,0.0,0.0,10.135135135135135,5.0675675675675675,2
0.7816091954022989,58,0.36363636363636365,8.0,19.825232558139536,0.0,0.0,0.0,0.0,12.213740458015266,6.106870229007633,2
0.7790697674418605,58,0.41935483870967744,7.0,18.041511627906974,0.0,0.0,0.0,0.0,10.9717868338558,6.269592476489028,2
0.7926829268292683,56,0.5,7.25,17.432500000000008,0.0,0.0,0.0,0.0,13.793103448275861,6.896551724137931,2
0.8271604938271605,58,0.5,5.8,16.757500000000004,0.0,0.0,0.0,0.0,9.900990099009901,8.25082508250825,2
0.7428571428571429,66,0.7407407407407407,8.25,22.89619047619048,0.0,0.0,0.0,1.3333333333333333,12.0,4.0,2
0.78125,63,0.41935483870967744,7.75,21.672083333333337,0.0,0.0,0.0,0.0,17.994858611825194,5.141388174807197,2
0.7804878048780488,54,0.6538461538461539,8.0,17.532938271604937,0.0,0.0,0.0,0.0,13.333333333333334,8.333333333333334,2
0.8414634146341463,61,0.5,6.75,18.45134146341464,0.0,0.0,0.0,0.0,17.770597738287563,6.462035541195477,2
0.8068181818181818,61,0.5769230769230769,8.4,16.15232183908046,0.0,0.0,0.0,0.0,7.776049766718508,7.776049766718508,2
0.7228915662650602,53,0.52,7.0,17.66635542168675,0.0,0.0,0.0,0.0,6.722689075630252,6.722689075630252,2
0.7428571428571429,66,0.7407407407407407,8.25,22.89619047619048,0.0,0.0,0.0,1.3333333333333333,12.0,4.0,2
0.7674418604651163,52,0.5357142857142857,8.666666666666666,22.808235294117654,0.0,0.0,0.0,0.0,19.43198804185351,4.484304932735426,2
0.8125,70,0.59375,6.833333333333333,18.388085106382984,0.0,0.0,0.0,0.0,12.26158038147139,8.174386920980925,2
0.7864077669902912,65,0.375,7.2,20.168271844660193,0.0,0.0,0.0,0.0,13.189448441247002,5.995203836930456,2
0.6979166666666666,56,0.6956521739130435,7.25,22.223157894736847,0.0,0.0,0.0,1.483679525222552,5.934718100890208,4.451038575667656,2
0.7625,51,0.34782608695652173,8.0,17.0825,0.0,0.0,0.0,0.0,11.278195488721805,5.639097744360902,2
0.7981651376146789,78,0.42857142857142855,7.4,18.281773584905668,0.0,0.0,0.0,0.0,11.406844106463879,6.337135614702154,2
0.7727272727272727,54,0.4642857142857143,9.0,22.620232558139538,0.0,0.0,0.0,0.0,15.105740181268883,4.531722054380665,2
0.7475728155339806,64,0.25,8.0,18.925623762376237,0.0,0.0,0.0,0.0,4.037685060565276,6.7294751009421265,2
0.8043478260869565,67,0.43478260869565216,7.75,19.930000000000003,0.0,0.0,0.0,0.0,10.144927536231883,5.797101449275362,2
0.6808510638297872,53,0.34615384615384615,7.0,20.480645161290322,0.0,0.0,0.0,1.5723270440251573,7.861635220125786,4.716981132075471,2
0.7926829268292683,57,0.4,7.5,17.300121951219513,0.0,0.0,0.0,0.0,16.835016835016834,6.7340067340067336,2
0.8837209302325582,68,0.5,7.75,20.414285714285715,0.0,0.0,0.0,0.0,17.647058823529413,5.88235294117647,2
0.7176470588235294,54,0.1875,5.75,17.07293209876543,0.0,0.0,0.0,0.0,8.460236886632826,6.768189509306261,2
0.7,49,0.32142857142857145,6.6,16.617181818181823,0.0,0.0,0.0,0.0,14.0405616224649,7.800312012480499,2
0.8023255813953488,60,0.5769230769230769,8.5,19.490441176470586,0.0,0.0,0.0,0.0,6.240249609984399,6.240249609984399,2
0.825,59,0.6,7.5,20.382500000000004,0.0,0.0,0.0,0.0,11.363636363636363,6.493506493506494,2
0.6979166666666666,56,0.6956521739130435,7.25,22.223157894736847,0.0,0.0,0.0,1.483679525222552,5.934718100890208,4.451038575667656,2
0.7727272727272727,57,0.4,6.8,14.471727272727275,0.0,0.0,0.0,0.0,10.101010101010102,8.417508417508417,2
0.7403846153846154,64,0.2727272727272727,9.0,17.1565099009901,0.0,0.0,0.0,0.0,13.119533527696793,4.373177842565598,2
0.782608695652174,57,0.26666666666666666,9.25,18.26260869565218,0.0,0.0,0.0,0.0,13.274336283185841,5.899705014749262,2
0.75,55,0.5652173913043478,7.75,15.697391304347828,0.0,0.0,0.0,0.0,6.349206349206349,6.349206349206349,2
0.7450980392156863,64,0.3333333333333333,7.0,17.932666666666666,0.0,0.0,0.0,0.0,9.162303664921465,6.544502617801047,2
0.75,57,0.4642857142857143,9.0,21.111666666666668,0.0,0.0,0.0,0.0,6.944444444444444,5.555555555555555,2
0.6979166666666666,56,0.6956521739130435,7.25,22.223157894736847,0.0,0.0,0.0,1.483679525222552,5.934718100890208,4.451038575667656,2
0.7625,51,0.34782608695652173,8.0,17.0825,0.0,0.0,0.0,0.0,11.278195488721805,5.639097744360902,2
0.8089887640449438,63,0.3333333333333333,8.75,17.260454545454547,0.0,0.0,0.0,0.0,9.64630225080386,6.430868167202572,2
0.7909090909090909,72,0.45454545454545453,8.5,20.47786697247707,0.0,0.0,0.0,0.0,12.300123001230013,4.920049200492005,2
0.7142857142857143,44,0.52,8.25,16.130487012987015,0.0,0.0,0.0,0.0,12.89134438305709,7.366482504604051,2
0.8131868131868132,61,0.375,7.5,17.66052197802198,0.0,0.0,0.0,0.0,10.606060606060607,6.0606060606060606,2
0.6637931034482759,65,0.4375,10.0,22.09554347826087,0.0,0.0,0.0,0.0,9.501187648456057,4.750593824228028,2
0.6979166666666666,56,0.6956521739130435,7.25,22.223157894736847,0.0,0.0,0.0,1.483679525222552,5.934718100890208,4.451038575667656,2
0.7625,51,0.34782608695652173,8.0,17.0825,0.0,0.0,0.0,0.0,11.278195488721805,5.639097744360902,2
0.8295454545454546,62,0.5555555555555556,7.75,19.27181818181818,0.0,0.0,0.0,0.0,14.88095238095238,5.952380952380952,2
0.7075471698113207,60,0.4,8.25,19.371309523809526,0.0,0.0,0.0,0.0,10.666666666666666,5.333333333333333,2
0.7931034482758621,58,0.5,8.0,20.099651162790703,0.0,0.0,0.0,0.0,12.030075187969926,6.015037593984963,2
0.7195121951219512,47,0.3333333333333333,6.5,15.179104938271607,0.0,0.0,0.0,0.0,7.1301247771836005,7.1301247771836005,2
0.6979166666666666,56,0.6956521739130435,7.25,22.223157894736847,0.0,0.0,0.0,1.483679525222552,5.934718100890208,4.451038575667656,2
0.7625,51,0.34782608695652173,8.0,17.0825,0.0,0.0,0.0,0.0,11.278195488721805,5.639097744360902,2
0.825,60,0.36363636363636365,7.5,17.504905063291137,0.0,0.0,0.0,0.0,10.204081632653061,6.802721088435374,2
0.7699115044247787,71,0.35294117647058826,7.75,18.627727272727274,0.0,0.0,0.0,0.0,8.793969849246231,5.025125628140704,2
0.7469879518072289,54,0.3793103448275862,6.75,19.458658536585364,0.0,0.0,0.0,0.0,4.838709677419355,6.451612903225806,2
0.7657657657657657,73,0.45161290322580644,8.2,18.352366972477068,0.0,0.0,0.0,0.0,8.883248730964468,6.345177664974619,2
0.7474747474747475,66,0.53125,10.0,21.23863402061856,0.0,0.0,0.0,0.0,11.857707509881422,5.270092226613966,2
0.6979166666666666,56,0.6956521739130435,7.25,22.223157894736847,0.0,0.0,0.0,1.483679525222552,5.934718100890208,4.451038575667656,2
0.8235294117647058,62,0.34615384615384615,9.333333333333334,20.053809523809523,0.0,0.0,0.0,0.0,14.331210191082803,4.777070063694267,2
0.7717391304347826,56,0.52,7.25,17.61558988764045,0.0,0.0,0.0,0.0,10.9717868338558,6.269592476489028,2
0.7872340425531915,62,0.25925925925925924,7.25,18.95722527472528,0.0,0.0,0.0,0.0,10.59001512859304,6.051437216338881,2
0.7894736842105263,68,0.4166666666666667,7.8,17.978170212765963,0.0,0.0,0.0,0.0,7.072135785007072,7.072135785007072,2
0.7738095238095238,56,0.5454545454545454,6.75,19.656716867469886,0.0,0.0,0.0,0.0,8.012820512820513,6.41025641025641,2
0.6979166666666666,56,0.6956521739130435,7.25,22.223157894736847,0.0,0.0,0.0,1.483679525222552,5.934718100890208,4.451038575667656,2
0.7625,51,0.34782608695652173,8.0,17.0825,0.0,0.0,0.0,0.0,11.278195488721805,5.639097744360902,2
0.8018018018018018,79,0.3793103448275862,7.4,18.40066666666667,0.0,0.0,0.0,0.0,11.194029850746269,6.218905472636816,2
0.7777777777777778,58,0.43478260869565216,6.8,15.815674418604655,3.125,0.0,0.0,0.0,15.625,7.8125,2
0.7738095238095238,53,0.37037037037037035,8.75,17.808524096385543,0.0,0.0,0.0,0.0,11.55115511551155,6.600660066006601,2
0.7373737373737373,62,0.4642857142857143,8.5,20.936428571428568,0.0,0.0,0.0,0.0,15.214384508990317,5.532503457814661,2
0.6979166666666666,56,0.6956521739130435,7.25,22.223157894736847,0.0,0.0,0.0,1.483679525222552,5.934718100890208,4.451038575667656,2
0.7325581395348837,53,0.4230769230769231,8.25,17.904302325581394,0.0,0.0,0.0,0.0,10.9375,6.25,2
0.8214285714285714,61,0.3333333333333333,7.666666666666667,21.21686746987952,0.0,0.0,0.0,0.0,14.778325123152708,4.926108374384237,2
0.7590361445783133,52,0.375,9.666666666666666,21.74493827160494,0.0,0.0,0.0,0.0,8.25082508250825,4.9504950495049505,2
0.7526881720430108,57,0.27586206896551724,7.75,19.868897849462368,0.0,0.0,0.0,0.0,5.730659025787966,5.730659025787966,2
0.7888888888888889,61,0.43478260869565216,8.5,15.867222222222228,0.0,0.0,0.0,0.0,4.846526655896607,6.462035541195477,2
0.7142857142857143,61,0.7692307692307693,10.25,21.360283505154644,0.0,0.0,0.0,0.0,6.839945280437757,5.471956224350205,2
0.6979166666666666,56,0.6956521739130435,7.25,22.223157894736847,0.0,0.0,0.0,1.483679525222552,5.934718100890208,4.451038575667656,2
0.7976190476190477,56,0.32,7.75,17.745238095238097,0.0,0.0,0.0,0.0,13.093289689034371,6.546644844517186,2
0.8181818181818182,66,0.5,8.0,18.519367469879516,0.0,0.0,0.0,0.0,12.461059190031152,6.230529595015576,2
0.7446808510638298,61,0.40625,7.25,16.98,0.0,0.0,0.0,0.0,6.051437216338881,6.051437216338881,2
0.7619047619047619,53,0.37037037037037035,6.5,18.675401234567904,0.0,0.0,0.0,0.0,15.17706576728499,6.745362563237774,2
0.6629213483146067,45,0.2857142857142857,7.4,17.555818181818186,0.0,0.0,0.0,0.0,9.07715582450832,7.564296520423601,2
0.7558139534883721,54,0.52,7.25,19.351617647058827,0.0,0.0,0.0,0.0,15.313935681470138,6.1255742725880555,2
0.6979166666666666,56,0.6956521739130435,7.25,22.223157894736847,0.0,0.0,0.0,1.483679525222552,5.934718100890208,4.451038575667656,2
0.7789473684210526,59,0.37037037037037035,7.4,14.550526315789476,0.0,0.0,0.0,0.0,12.012012012012011,7.5075075075075075,2
0.8080808080808081,69,0.3,8.2,16.604249999999997,0.0,0.0,0.0,0.0,8.51063829787234,7.092198581560283,2
0.7727272727272727,56,0.4166666666666667,6.2,16.638930232558142,0.0,0.0,0.0,0.0,13.888888888888888,7.716049382716049,2
0.8522727272727273,66,0.5,6.8,15.195294117647059,1.6891891891891893,0.0,0.0,0.0,6.756756756756757,8.445945945945946,2
0.7924528301886793,72,0.53125,6.2,17.54857142857143,0.0,0.0,0.0,0.0,10.037641154328732,6.273525721455458,2
0.76,67,0.6296296296296297,7.4,19.025428571428574,0.0,0.0,0.0,0.0,9.641873278236915,6.887052341597796,2
0.6979166666666666,56,0.6956521739130435,7.25,22.223157894736847,0.0,0.0,0.0,1.483679525222552,5.934718100890208,4.451038575667656,2
0.8292682926829268,59,0.34615384615384615,9.0,19.821219512195125,0.0,0.0,0.0,0.0,14.423076923076923,4.807692307692308,2
0.8068181818181818,62,0.3333333333333333,7.25,18.447619047619053,0.0,0.0,0.0,0.0,9.554140127388534,6.369426751592357,2
0.8051948051948052,54,0.4090909090909091,8.0,19.442631578947374,0.0,0.0,0.0,0.0,7.155635062611807,5.366726296958855,2
0.8461538461538461,70,0.64,7.8,17.258888888888894,0.0,0.0,0.0,0.0,13.235294117647058,5.88235294117647,2
0.6630434782608695,51,0.4166666666666667,7.5,18.358333333333338,0.0,0.0,0.0,0.0,8.038585209003214,6.430868167202572,2
0.6979166666666666,56,0.6956521739130435,7.25,22.223157894736847,0.0,0.0,0.0,1.483679525222552,5.934718100890208,4.451038575667656,2
0.8235294117647058,62,0.34615384615384615,9.333333333333334,20.053809523809523,0.0,0.0,0.0,0.0,14.331210191082803,4.777070063694267,2
0.7604166666666666,59,0.35714285714285715,7.25,18.806914893617023,0.0,0.0,0.0,0.0,13.274336283185841,5.899705014749262,2
0.7634408602150538,58,0.38461538461538464,8.5,17.965672043010752,0.0,0.0,0.0,0.0,8.784773060029282,5.856515373352855,2
0.7752808988764045,59,0.35714285714285715,6.4,17.373011494252875,0.0,0.0,0.0,0.0,7.598784194528876,7.598784194528876,2
0.7207207207207207,62,0.45161290322580644,8.75,18.809404761904762,0.0,0.0,0.0,0.0,11.952191235059761,5.3120849933598935,2
0.6979166666666666,56,0.6956521739130435,7.25,22.223157894736847,0.0,0.0,0.0,1.483679525222552,5.934718100890208,4.451038575667656,2
0.7586206896551724,56,0.34615384615384615,5.833333333333333,14.229117647058825,0.0,0.0,0.0,0.0,13.40033500837521,10.050251256281408,2
0.8068181818181818,58,0.4090909090909091,8.25,18.31593023255814,0.0,0.0,0.0,0.0,10.819165378670787,6.182380216383307,2
0.7452830188679245,61,0.44,6.8,14.898368932038839,0.0,0.0,0.0,0.0,11.11111111111111,6.944444444444444,2
0.7529411764705882,54,0.38461538461538464,6.75,20.178170731707315,0.0,0.0,0.0,0.0,6.379585326953748,6.379585326953748,2
0.7738095238095238,55,0.44,6.75,15.216666666666665,0.0,0.0,0.0,0.0,7.155635062611807,7.155635062611807,2
0.7558139534883721,57,0.48148148148148145,8.75,19.629264705882353,0.0,0.0,0.0,0.0,4.608294930875576,6.1443932411674345,2
0.6979166666666666,56,0.6956521739130435,7.25,22.223157894736847,0.0,0.0,0.0,1.483679525222552,5.934718100890208,4.451038575667656,2
0.7625,51,0.34782608695652173,8.0,17.0825,0.0,0.0,0.0,0.0,11.278195488721805,5.639097744360902,2
0.7981651376146789,78,0.42857142857142855,7.4,18.281773584905668,0.0,0.0,0.0,0.0,11.406844106463879,6.337135614702154,2
0.7727272727272727,54,0.4642857142857143,9.0,22.620232558139538,0.0,0.0,0.0,0.0,15.105740181268883,4.531722054380665,2
0.7475728155339806,64,0.25,8.0,18.925623762376237,0.0,0.0,0.0,0.0,4.037685060565276,6.7294751009421265,2
0.8043478260869565,67,0.43478260869565216,7.75,19.930000000000003,0.0,0.0,0.0,0.0,10.144927536231883,5.797101449275362,2
0.6938775510204082,56,0.7727272727272727,8.25,22.688041237113406,0.0,0.0,0.0,1.4347202295552368,5.738880918220947,4.30416068866571,2
0.7,55,0.3333333333333333,9.0,17.083367346938775,0.0,0.0,0.0,0.0,11.577424023154848,5.788712011577424,2
0.6288659793814433,50,0.625,6.8,20.741649484536087,0.0,0.0,0.0,1.488095238095238,11.904761904761903,4.464285714285714,2
0.7142857142857143,55,0.7307692307692307,9.25,18.75166666666667,0.0,0.0,0.0,0.0,13.761467889908257,6.116207951070336,2
0.6976744186046512,52,0.5416666666666666,7.666666666666667,18.782352941176473,0.0,0.0,0.0,0.0,8.532423208191126,5.1194539249146755,2
0.7685185185185185,75,0.46875,8.0,18.135119047619046,0.0,0.0,0.0,0.0,8.174386920980925,5.449591280653951,2
0.7108433734939759,48,0.32142857142857145,8.0,17.950692771084338,0.0,0.0,0.0,0.0,16.286644951140065,6.514657980456026,2
0.7380952380952381,54,0.5416666666666666,8.5,18.37719879518073,0.0,0.0,0.0,0.0,12.987012987012989,6.493506493506494,2
0.6,53,0.3125,9.0,21.446902654867255,0.0,0.0,0.0,0.0,10.526315789473683,3.947368421052632,2
0.6288659793814433,50,0.625,6.8,20.741649484536087,0.0,0.0,0.0,1.488095238095238,11.904761904761903,4.464285714285714,2
0.7142857142857143,55,0.7307692307692307,9.25,18.75166666666667,0.0,0.0,0.0,0.0,13.761467889908257,6.116207951070336,2
0.7252747252747253,57,0.38461538461538464,6.75,17.30944444444444,0.0,0.0,0.0,0.0,11.128775834658187,6.359300476947536,2
0.7777777777777778,56,0.36,8.333333333333334,18.540000000000003,0.0,0.0,0.0,0.0,12.522361359570663,5.366726296958855,2
0.6875,56,0.3793103448275862,7.0,15.718595744680854,0.0,0.0,0.0,0.0,12.102874432677762,7.564296520423601,2
0.7471264367816092,57,0.4444444444444444,8.0,19.612040229885057,0.0,0.0,0.0,0.0,7.44047619047619,5.952380952380952,2
0.725,49,0.36,8.666666666666666,18.999999999999996,0.0,0.0,0.0,0.0,5.434782608695652,5.434782608695652,2
0.6288659793814433,50,0.625,6.8,20.741649484536087,0.0,0.0,0.0,1.488095238095238,11.904761904761903,4.464285714285714,2
0.7142857142857143,55,0.7307692307692307,9.25,18.75166666666667,0.0,0.0,0.0,0.0,13.761467889908257,6.116207951070336,2
0.75,64,0.52,7.25,17.148289473684212,0.0,0.0,0.0,0.0,9.188361408882084,6.1255742725880555,2
0.627906976744186,43,0.4230769230769231,9.333333333333334,16.963333333333335,0.0,0.0,0.0,0.0,5.7251908396946565,5.7251908396946565,2
0.7380952380952381,55,0.3225806451612903,7.25,14.96515060240964,0.0,0.0,0.0,0.0,12.089810017271159,6.90846286701209,2
0.7065217391304348,57,0.3548387096774194,7.25,17.877826086956528,0.0,0.0,0.0,0.0,13.996889580093312,6.2208398133748055,2
0.7045454545454546,53,0.34615384615384615,9.0,19.60162790697675,0.0,0.0,0.0,0.0,8.532423208191126,5.1194539249146755,2
0.6288659793814433,50,0.625,6.8,20.741649484536087,0.0,0.0,0.0,1.488095238095238,11.904761904761903,4.464285714285714,2
0.7383177570093458,67,0.6129032258064516,9.75,20.237452830188683,0.0,0.0,0.0,0.0,11.703511053315996,5.201560468140443,2
0.7951807228915663,57,0.2857142857142857,6.2,14.692500000000006,0.0,0.0,0.0,0.0,10.344827586206897,8.620689655172413,2
0.7708333333333334,65,0.4444444444444444,6.6,15.216468085106385,0.0,0.0,0.0,0.0,15.988372093023257,7.267441860465116,2
0.7380952380952381,53,0.4782608695652174,6.75,18.026190476190475,0.0,0.0,0.0,0.0,8.333333333333334,6.666666666666667,2
0.7228915662650602,50,0.38461538461538464,7.0,18.022499999999997,0.0,0.0,0.0,0.0,6.525285481239805,6.525285481239805,2
0.6538461538461539,52,0.39285714285714285,12.333333333333334,21.17087378640777,0.0,0.0,0.0,0.0,15.341701534170154,4.184100418410042,2
0.6288659793814433,50,0.625,6.8,20.741649484536087,0.0,0.0,0.0,1.488095238095238,11.904761904761903,4.464285714285714,2
0.7142857142857143,55,0.7307692307692307,9.25,18.75166666666667,0.0,0.0,0.0,0.0,13.761467889908257,6.116207951070336,2
0.7064220183486238,67,0.40625,7.75,18.111658878504674,0.0,0.0,0.0,0.0,6.631299734748011,5.305039787798409,2
0.7551020408163265,63,0.5769230769230769,5.6,16.61726530612245,0.0,0.0,0.0,0.0,9.831460674157302,7.022471910112359,2
0.7608695652173914,60,0.5,8.5,18.75166666666667,0.0,0.0,0.0,0.0,14.858841010401187,5.943536404160475,2
0.6428571428571429,52,0.25925925925925924,6.5,16.240510204081634,0.0,0.0,0.0,0.0,11.058451816745656,6.3191153238546605,2
0.6288659793814433,50,0.625,6.8,20.741649484536087,0.0,0.0,0.0,1.488095238095238,11.904761904761903,4.464285714285714,2
0.6888888888888889,48,0.72,8.5,19.206601123595508,0.0,0.0,0.0,0.0,13.698630136986301,6.0882800608828,2
0.7241379310344828,55,0.34782608695652173,8.666666666666666,17.406279069767447,0.0,0.0,0.0,0.0,9.00900900900901,5.405405405405405,2
0.6666666666666666,46,0.3333333333333333,8.0,16.511463414634154,0.0,0.0,0.0,0.0,11.131725417439704,5.565862708719852,2
0.7307692307692307,64,0.5172413793103449,7.2,15.70031067961165,0.0,0.0,0.0,0.0,11.204481792717086,7.002801120448179,2
0.6915887850467289,63,0.5333333333333333,8.0,19.324742990654205,0.0,0.0,0.0,0.0,12.048192771084338,5.35475234270415,2
0.6788990825688074,63,0.40625,11.0,22.5962962962963,0.0,0.0,0.0,0.0,9.320905459387484,3.9946737683089215,2
0.6288659793814433,50,0.625,6.8,20.741649484536087,0.0,0.0,0.0,1.488095238095238,11.904761904761903,4.464285714285714,2
0.7314814814814815,67,0.6451612903225806,9.75,20.317266355140195,0.0,0.0,0.0,0.0,12.77139208173691,5.108556832694764,2
0.7023809523809523,49,0.4,9.666666666666666,18.649047619047618,0.0,0.0,0.0,0.0,14.010507880910684,5.253940455341506,2
0.7444444444444445,59,0.5,7.0,16.053636363636368,0.0,0.0,0.0,0.0,10.06711409395973,6.7114093959731544,2
0.7926829268292683,57,0.4782608695652174,8.333333333333334,21.11634146341464,0.0,0.0,0.0,0.0,9.787928221859705,4.893964110929852,2
0.7252747252747253,57,0.35714285714285715,6.5,15.456126373626379,0.0,0.0,0.0,0.0,6.7340067340067336,6.7340067340067336,2
0.7125,49,0.6190476190476191,11.0,25.527500000000007,0.0,0.0,0.0,0.0,10.291595197255575,3.4305317324185247,2
0.6288659793814433,50,0.625,6.8,20.741649484536087,0.0,0.0,0.0,1.488095238095238,11.904761904761903,4.464285714285714,2
0.7454545454545455,70,0.6451612903225806,10.25,20.47786697247707,0.0,0.0,0.0,0.0,11.421319796954315,5.076142131979695,2
0.7373737373737373,63,0.3548387096774194,6.25,17.832448453608247,0.0,0.0,0.0,0.0,11.695906432748536,5.847953216374268,2
0.7558139534883721,58,0.5,7.25,16.57514705882353,0.0,0.0,0.0,0.0,8.561643835616438,6.8493150684931505,2
0.7117117117117117,67,0.5333333333333333,8.5,20.236818181818183,0.0,0.0,0.0,0.0,13.871374527112232,5.044136191677175,2
0.6559139784946236,47,0.3793103448275862,7.5,15.808682795698925,0.0,0.0,0.0,0.0,9.884678747940692,6.589785831960461,2
0.735632183908046,57,0.2413793103448276,11.5,25.328837209302325,0.0,0.0,0.0,0.0,15.410958904109588,3.4246575342465753,2
0.6288659793814433,50,0.625,6.8,20.741649484536087,0.0,0.0,0.0,1.488095238095238,11.904761904761903,4.464285714285714,2
0.7142857142857143,55,0.7307692307692307,9.25,18.75166666666667,0.0,0.0,0.0,0.0,13.761467889908257,6.116207951070336,2
0.7244897959183674,62,0.4,7.75,17.247083333333332,0.0,0.0,0.0,0.0,8.902077151335313,5.934718100890208,2
0.7349397590361446,50,0.44,7.666666666666667,19.368674698795186,0.0,0.0,0.0,0.0,12.048192771084338,5.163511187607574,2
0.7244897959183674,56,0.35714285714285715,7.5,20.334387755102046,0.0,0.0,0.0,0.0,10.914051841746248,5.457025920873124,2
0.7209302325581395,56,0.37037037037037035,6.5,17.82455882352941,0.0,0.0,0.0,0.0,8.183306055646481,6.546644844517186,2
0.6590909090909091,45,0.7619047619047619,8.666666666666666,19.615294117647057,0.0,0.0,0.0,0.0,16.89189189189189,5.0675675675675675,2
0.6288659793814433,50,0.625,6.8,20.741649484536087,0.0,0.0,0.0,1.488095238095238,11.904761904761903,4.464285714285714,2
0.7142857142857143,55,0.7307692307692307,9.25,18.75166666666667,0.0,0.0,0.0,0.0,13.761467889908257,6.116207951070336,2
0.7244897959183674,62,0.43333333333333335,7.75,17.12416666666667,0.0,0.0,0.0,0.0,8.968609865470851,5.9790732436472345,2
0.7191011235955056,56,0.36666666666666664,9.0,18.917078651685397,0.0,0.0,0.0,0.0,11.475409836065573,4.918032786885246,2
0.6976744186046512,47,0.4583333333333333,7.6,15.611764705882354,0.0,0.0,0.0,0.0,11.686143572621035,8.347245409015025,2
0.7142857142857143,63,0.5517241379310345,7.5,19.258928571428573,0.0,0.0,0.0,0.0,8.321775312066574,5.547850208044383,2
0.693069306930693,62,0.45161290322580644,8.666666666666666,22.308000000000003,0.0,0.0,0.0,0.0,11.065006915629322,4.149377593360996,2
0.6288659793814433,50,0.625,6.8,20.741649484536087,0.0,0.0,0.0,1.488095238095238,11.904761904761903,4.464285714285714,2
0.75,67,0.6333333333333333,10.25,19.77094660194175,0.0,0.0,0.0,0.0,14.745308310991957,5.361930294906166,2
0.6767676767676768,54,0.21428571428571427,9.25,16.240510204081634,0.0,0.0,0.0,0.0,7.9113924050632916,6.329113924050633,2
0.7363636363636363,71,0.53125,7.6,15.363476635514022,0.0,0.0,0.0,0.0,10.914051841746248,6.8212824010914055,2
0.8072289156626506,57,0.4,7.333333333333333,21.9277108433735,0.0,0.0,0.0,0.0,15.723270440251572,4.716981132075471,2
0.6306306306306306,56,0.42424242424242425,8.0,18.854013761467886,0.0,0.0,0.0,0.0,7.968127490039841,5.3120849933598935,2
0.6288659793814433,50,0.625,6.8,20.741649484536087,0.0,0.0,0.0,1.488095238095238,11.904761904761903,4.464285714285714,2
0.75,67,0.6333333333333333,10.25,19.88550970873786,0.0,0.0,0.0,0.0,14.666666666666666,5.333333333333333,2
0.7169811320754716,65,0.3870967741935484,8.25,18.167063106796117,0.0,0.0,0.0,0.0,12.482662968099861,5.547850208044383,2
0.7582417582417582,59,0.43478260869565216,7.6,14.605818181818183,0.0,0.0,0.0,0.0,10.135135135135135,8.445945945945946,2
0.735632183908046,53,0.44,7.75,15.407442528735633,0.0,0.0,0.0,0.0,13.35559265442404,6.67779632721202,2
0.6829268292682927,45,0.4782608695652174,8.666666666666666,18.831358024691358,0.0,0.0,0.0,0.0,10.90909090909091,5.454545454545455,2
0.7073170731707317,51,0.4230769230769231,8.0,21.40414634146342,0.0,0.0,0.0,0.0,11.784511784511785,5.050505050505051,2
0.6288659793814433,50,0.625,6.8,20.741649484536087,0.0,0.0,0.0,1.488095238095238,11.904761904761903,4.464285714285714,2
0.7142857142857143,55,0.7307692307692307,9.25,18.75166666666667,0.0,0.0,0.0,0.0,13.761467889908257,6.116207951070336,2
0.7093023255813954,53,0.5416666666666666,7.666666666666667,19.198823529411765,0.0,0.0,0.0,0.0,8.375209380234505,5.025125628140704,2
0.7368421052631579,60,0.36363636363636365,10.0,19.614736842105263,0.0,0.0,0.0,0.0,9.202453987730062,4.601226993865031,2
0.6470588235294118,49,0.3333333333333333,6.4,16.891490196078433,0.0,0.0,0.0,0.0,9.929078014184398,7.092198581560283,2
0.7244897959183674,58,0.32142857142857145,8.25,19.73234693877551,0.0,0.0,0.0,0.0,8.241758241758243,5.4945054945054945,2
0.6779661016949152,68,0.5,9.5,18.812371794871797,0.0,0.0,0.0,0.0,8.871989860583017,5.069708491761723,2
0.6288659793814433,50,0.625,6.8,20.741649484536087,0.0,0.0,0.0,1.488095238095238,11.904761904761903,4.464285714285714,2
0.7142857142857143,55,0.7307692307692307,9.25,18.75166666666667,0.0,0.0,0.0,0.0,13.761467889908257,6.116207951070336,2
0.7142857142857143,51,0.37037037037037035,8.0,16.38683734939759,0.0,0.0,0.0,0.0,10.507880910683012,7.005253940455342,2
0.7555555555555555,58,0.5217391304347826,7.5,16.321818181818184,0.0,0.0,0.0,0.0,9.966777408637872,6.644518272425249,2
0.6951219512195121,48,0.2857142857142857,7.333333333333333,19.996790123456794,0.0,0.0,0.0,0.0,13.651877133105803,5.1194539249146755,2
0.7142857142857143,63,0.4375,7.5,19.625000000000004,0.0,0.0,0.0,0.0,9.421265141318978,5.383580080753701,2
0.6741573033707865,50,0.47619047619047616,10.0,20.13379310344828,0.0,0.0,0.0,0.0,16.5016501650165,4.9504950495049505,2
0.7,55,0.5,8.333333333333334,25.822222222222226,0.0,0.0,0.0,1.589825119236884,7.949125596184419,3.179650238473768,2
0.7722772277227723,71,0.5862068965517241,8.75,19.530000000000005,0.0,0.0,0.0,0.0,16.643550624133148,5.547850208044383,2
0.7640449438202247,60,0.48,8.5,17.350421348314608,0.0,0.0,0.0,0.0,12.422360248447204,6.211180124223602,2
0.7727272727272727,59,0.3793103448275862,8.75,18.869545454545456,0.0,0.0,0.0,0.0,9.287925696594426,6.191950464396285,2
0.6857142857142857,58,0.46153846153846156,5.6,19.171153846153846,0.0,0.0,0.0,1.3315579227696406,11.984021304926763,5.326231691078562,2
0.7263157894736842,61,0.5555555555555556,8.75,19.13565789473685,0.0,0.0,0.0,0.0,10.92896174863388,5.46448087431694,2
0.8020833333333334,66,0.3103448275862069,7.2,18.079250000000005,0.0,0.0,0.0,0.0,14.864864864864865,6.756756756756757,2
0.7386363636363636,56,0.4444444444444444,8.0,19.05279069767442,0.0,0.0,0.0,0.0,11.904761904761903,5.1020408163265305,2
0.7708333333333334,63,0.46153846153846156,7.75,16.632499999999997,0.0,0.0,0.0,0.0,7.836990595611285,6.269592476489028,2
0.6938775510204082,57,0.56,8.0,17.805816326530607,0.0,0.0,0.0,0.0,8.81057268722467,5.873715124816446,2
0.6886792452830188,59,0.46153846153846156,5.6,19.146547619047627,0.0,0.0,0.0,1.3245033112582782,11.920529801324504,5.298013245033113,2
0.7263157894736842,56,0.5357142857142857,7.5,19.632500000000004,0.0,0.0,0.0,0.0,9.735744089012517,5.563282336578581,2
0.8,57,0.2692307692307692,9.333333333333334,19.49190476190476,0.0,0.0,0.0,0.0,13.029315960912053,4.885993485342019,2
0.8111111111111111,62,0.5,8.8,15.161111111111111,0.0,0.0,0.0,0.0,10.769230769230768,7.6923076923076925,2
0.735632183908046,54,0.5185185185185185,8.5,16.12058139534884,0.0,0.0,0.0,0.0,11.844331641285956,6.768189509306261,2
0.7641509433962265,73,0.696969696969697,9.25,19.792169811320758,0.0,0.0,0.0,0.0,10.282776349614394,5.141388174807197,2
0.6886792452830188,59,0.46153846153846156,5.6,19.146547619047627,0.0,0.0,0.0,1.3245033112582782,11.920529801324504,5.298013245033113,2
0.7738095238095238,56,0.6,7.5,19.00952380952381,0.0,0.0,0.0,0.0,10.59001512859304,6.051437216338881,2
0.7362637362637363,55,0.5555555555555556,7.6,16.603333333333335,0.0,0.0,0.0,0.0,10.248901903367496,7.320644216691069,2
0.7717391304347826,62,0.2903225806451613,6.6,17.10991304347826,0.0,0.0,0.0,0.0,12.139605462822459,7.587253414264037,2
0.6041666666666666,45,0.35714285714285715,7.5,17.148289473684212,1.5625,0.0,0.0,0.0,6.25,6.25,2
0.7410714285714286,69,0.3870967741935484,8.75,18.407274774774773,0.0,0.0,0.0,0.0,11.920529801324504,5.298013245033113,2
0.6857142857142857,58,0.46153846153846156,5.6,19.05769230769231,0.0,0.0,0.0,1.3386880856760375,12.048192771084338,5.35475234270415,2
0.7227722772277227,63,0.5357142857142857,7.8,16.58899009900991,0.0,0.0,0.0,0.0,6.793478260869565,6.793478260869565,2
0.7790697674418605,56,0.6818181818181818,8.0,14.611279069767445,0.0,0.0,0.0,0.0,11.965811965811966,6.837606837606837,2
0.7684210526315789,65,0.43333333333333335,8.5,17.645131578947375,0.0,0.0,0.0,0.0,10.447761194029852,5.970149253731344,2
0.7341772151898734,48,0.5,7.25,14.816297468354431,0.0,0.0,0.0,0.0,5.565862708719852,7.421150278293135,2
0.7169811320754716,64,0.7142857142857143,8.25,20.126132075471705,0.0,0.0,0.0,0.0,10.19108280254777,5.095541401273885,2
0.6857142857142857,58,0.46153846153846156,5.6,19.171153846153846,0.0,0.0,0.0,1.3315579227696406,11.984021304926763,5.326231691078562,2
0.696969696969697,57,0.48148148148148145,8.0,17.543308080808078,0.0,0.0,0.0,0.0,7.102272727272727,5.681818181818182,2
0.7528089887640449,57,0.4827586206896552,8.333333333333334,21.05909090909091,0.0,0.0,0.0,0.0,13.677811550151976,4.559270516717325,2
0.8,65,0.64,6.166666666666667,16.793421052631576,0.0,0.0,0.0,0.0,12.569832402234638,8.379888268156424,2
0.7816091954022989,58,0.6956521739130435,7.0,16.501720930232555,0.0,0.0,0.0,0.0,7.739938080495356,7.739938080495356,2
0.7191011235955056,52,0.4,6.5,18.779545454545453,0.0,0.0,0.0,1.6155088852988693,12.924071082390954,4.846526655896607,2
0.78125,67,0.5172413793103449,7.5,21.672083333333337,0.0,0.0,0.0,0.0,9.358288770053475,5.347593582887701,2
0.7741935483870968,61,0.5172413793103449,6.75,18.473198924731182,0.0,0.0,0.0,0.0,15.625,5.681818181818182,2
0.8170731707317073,59,0.5,6.75,18.307439024390245,0.0,0.0,0.0,0.0,7.949125596184419,6.359300476947536,2
0.6836734693877551,51,0.39285714285714285,8.75,16.962959183673473,0.0,0.0,0.0,0.0,6.211180124223602,6.211180124223602,2
0.6867469879518072,45,0.34615384615384615,7.0,16.102500000000003,0.0,0.0,0.0,0.0,15.332197614991482,6.814310051107325,2
0.6857142857142857,58,0.46153846153846156,5.6,19.171153846153846,0.0,0.0,0.0,1.3315579227696406,11.984021304926763,5.326231691078562,2
0.7263157894736842,61,0.5555555555555556,8.75,19.13565789473685,0.0,0.0,0.0,0.0,10.92896174863388,5.46448087431694,2
0.7916666666666666,70,0.56,6.8,16.112583333333337,0.0,0.0,0.0,0.0,8.571428571428571,7.142857142857142,2
0.7073170731707317,48,0.5384615384615384,8.333333333333334,18.102962962962966,0.0,0.0,0.0,0.0,10.88929219600726,5.44464609800363,2
0.7333333333333333,57,0.4,9.0,18.543679775280903,0.0,0.0,0.0,0.0,9.07715582450832,6.051437216338881,2
0.7047619047619048,66,0.3055555555555556,8.25,17.58269230769231,0.0,0.0,0.0,0.0,11.661807580174926,5.830903790087463,2
0.6886792452830188,59,0.46153846153846156,5.6,19.146547619047627,0.0,0.0,0.0,1.3245033112582782,11.920529801324504,5.298013245033113,2
0.7209302325581395,53,0.52,8.333333333333334,19.87604651162791,0.0,0.0,0.0,0.0,14.423076923076923,4.807692307692308,2
0.6666666666666666,51,0.5,8.75,16.755416666666665,0.0,0.0,0.0,0.0,7.352941176470588,5.88235294117647,2
0.6526315789473685,47,0.45454545454545453,6.5,15.174274193548388,1.6474464579901154,0.0,0.0,0.0,13.179571663920923,6.589785831960461,2
0.7333333333333333,51,0.4782608695652174,8.75,16.52277777777778,0.0,0.0,0.0,0.0,14.240506329113924,6.329113924050633,2
0.7065217391304348,55,0.4666666666666667,7.6,16.468608695652176,0.0,0.0,0.0,0.0,12.102874432677762,7.564296520423601,2
0.6857142857142857,58,0.46153846153846156,5.6,19.05769230769231,0.0,0.0,0.0,1.3386880856760375,12.048192771084338,5.35475234270415,2
0.7529411764705882,56,0.625,8.5,17.963382352941178,0.0,0.0,0.0,0.0,15.748031496062993,6.299212598425196,2
0.7701149425287356,58,0.5384615384615384,7.25,17.30629310344828,0.0,0.0,0.0,0.0,9.46372239747634,6.309148264984227,2
0.8117647058823529,58,0.6818181818181818,7.75,19.71190476190476,0.0,0.0,0.0,0.0,9.174311926605505,6.116207951070336,2
0.7291666666666666,57,0.2903225806451613,8.0,15.989666666666665,0.0,0.0,0.0,0.0,13.062409288824384,7.256894049346879,2
0.7204301075268817,50,0.4482758620689655,7.0,16.53281720430108,0.0,0.0,0.0,0.0,19.696969696969695,7.575757575757576,2
0.7407407407407407,51,0.34615384615384615,7.666666666666667,19.55975308641975,0.0,0.0,0.0,0.0,13.793103448275861,5.172413793103448,2
0.7380952380952381,52,0.47368421052631576,5.5,19.368674698795186,0.0,0.0,0.0,1.6501650165016502,13.201320132013201,4.9504950495049505,2
0.7654320987654321,53,0.391304347826087,6.75,16.99,0.0,0.0,0.0,0.0,15.789473684210527,7.017543859649123,2
0.7128712871287128,60,0.3333333333333333,9.25,17.50700495049505,0.0,0.0,0.0,0.0,8.534850640113799,5.689900426742533,2
0.8444444444444444,70,0.4444444444444444,7.2,16.865555555555556,0.0,0.0,0.0,0.0,15.060240963855422,7.530120481927711,2
0.7547169811320755,67,0.6666666666666666,6.6,16.05535849056604,0.0,0.0,0.0,0.0,12.113055181695827,6.7294751009421265,2
0.8404255319148937,72,0.7083333333333334,8.25,19.56010638297872,0.0,0.0,0.0,0.0,11.347517730496454,5.673758865248227,2
0.6886792452830188,59,0.46153846153846156,5.6,19.146547619047627,0.0,0.0,0.0,1.3245033112582782,11.920529801324504,5.298013245033113,2
0.7547169811320755,70,0.5,7.6,19.45904761904762,0.0,0.0,0.0,0.0,12.300123001230013,6.150061500615006,2
0.7471264367816092,54,0.36666666666666664,7.75,17.577557471264367,0.0,0.0,0.0,0.0,9.64630225080386,6.430868167202572,2
0.8571428571428571,75,0.5185185185185185,6.166666666666667,15.463673469387757,0.0,0.0,0.0,0.0,15.068493150684931,8.21917808219178,2
0.6413043478260869,48,0.3448275862068966,7.5,16.851739130434783,0.0,0.0,0.0,0.0,11.023622047244094,6.299212598425196,2
0.7422680412371134,62,0.25,6.6,15.375083333333333,0.0,0.0,0.0,0.0,10.355029585798817,7.396449704142012,2
0.6857142857142857,58,0.46153846153846156,5.6,19.171153846153846,0.0,0.0,0.0,1.3315579227696406,11.984021304926763,5.326231691078562,2
0.7380952380952381,51,0.5909090909090909,9.666666666666666,21.359036144578315,0.0,0.0,0.0,0.0,9.345794392523365,4.672897196261682,2
0.8021978021978022,69,0.6538461538461539,6.75,19.34623626373627,0.0,0.0,0.0,0.0,11.904761904761903,5.952380952380952,2
0.7176470588235294,50,0.4074074074074074,10.0,21.697647058823538,0.0,0.0,0.0,0.0,9.316770186335404,4.658385093167702,2
0.7738095238095238,57,0.36363636363636365,8.25,16.62142857142857,0.0,0.0,0.0,0.0,8.445945945945946,6.756756756756757,2
0.7021276595744681,55,0.5,8.25,17.426063829787235,0.0,0.0,0.0,0.0,13.313609467455622,5.9171597633136095,2
0.6886792452830188,59,0.46153846153846156,5.6,19.146547619047627,0.0,0.0,0.0,1.3245033112582782,11.920529801324504,5.298013245033113,2
0.7263157894736842,61,0.5555555555555556,8.75,19.13565789473685,0.0,0.0,0.0,0.0,10.92896174863388,5.46448087431694,2
0.75,55,0.24,7.6,15.410363636363638,0.0,0.0,0.0,0.0,14.240506329113924,7.9113924050632916,2
0.7586206896551724,61,0.2857142857142857,7.75,17.218255813953494,0.0,0.0,0.0,0.0,8.116883116883116,6.493506493506494,2
0.8111111111111111,63,0.75,6.75,19.145000000000007,0.0,0.0,0.0,0.0,11.730205278592376,5.865102639296188,2
0.8295454545454546,66,0.6071428571428571,6.4,18.458068965517246,0.0,0.0,0.0,0.0,16.152716593245227,7.342143906020558,2
0.6857142857142857,58,0.46153846153846156,5.6,19.171153846153846,0.0,0.0,0.0,1.3315579227696406,11.984021304926763,5.326231691078562,2
0.7411764705882353,52,0.5454545454545454,8.0,21.318095238095243,0.0,0.0,0.0,0.0,9.27357032457496,4.63678516228748,2
0.8414634146341463,63,0.44,8.0,20.68463414634147,0.0,0.0,0.0,0.0,14.150943396226415,4.716981132075471,2
0.7450980392156863,65,0.5172413793103449,7.2,17.469921568627452,0.0,0.0,0.0,0.0,8.075370121130552,6.7294751009421265,2
0.6818181818181818,48,0.7307692307692307,6.25,17.39454545454546,0.0,0.0,0.0,0.0,13.071895424836601,6.5359477124183005,2
0.8148148148148148,56,0.23333333333333334,8.25,20.714907407407406,0.0,0.0,0.0,0.0,13.71951219512195,6.097560975609756,2
0.6857142857142857,58,0.46153846153846156,5.6,19.171153846153846,0.0,0.0,0.0,1.3315579227696406,11.984021304926763,5.326231691078562,2
0.7281553398058253,65,0.4375,8.25,18.39618932038835,0.0,0.0,0.0,0.0,10.666666666666666,5.333333333333333,2
0.7920792079207921,72,0.46875,8.2,17.523643564356437,0.0,0.0,0.0,0.0,12.048192771084338,6.693440428380187,2
0.782608695652174,60,0.7307692307692307,8.0,15.057739130434783,0.0,0.0,0.0,0.0,16.819571865443425,7.6452599388379205,2
0.7721518987341772,51,0.2962962962962963,8.0,16.90743670886076,0.0,0.0,0.0,0.0,10.135135135135135,6.756756756756757,2
0.7345132743362832,73,0.5,11.0,17.455000000000002,0.0,0.0,0.0,0.0,13.440860215053764,5.376344086021506,2
0.6857142857142857,58,0.46153846153846156,5.6,19.171153846153846,0.0,0.0,0.0,1.3315579227696406,11.984021304926763,5.326231691078562,2
0.7528089887640449,56,0.5217391304347826,8.666666666666666,21.863636363636363,0.0,0.0,0.0,0.0,8.849557522123893,4.424778761061947,2
0.69,57,0.5333333333333333,8.0,18.377651515151516,0.0,0.0,0.0,0.0,13.00578034682081,5.780346820809248,2
0.8295454545454546,67,0.39285714285714285,7.25,21.685454545454544,0.0,0.0,0.0,0.0,12.413793103448276,5.517241379310344,2
0.7558139534883721,57,0.5357142857142857,6.6,15.129627906976747,0.0,0.0,0.0,0.0,17.88617886178862,8.130081300813009,2
0.6857142857142857,58,0.46153846153846156,5.6,19.171153846153846,0.0,0.0,0.0,1.3315579227696406,11.984021304926763,5.326231691078562,2
0.72,63,0.5517241379310345,8.0,18.94,0.0,0.0,0.0,0.0,13.477088948787063,5.3908355795148255,2
0.7857142857142857,58,0.5384615384615384,9.75,18.661536144578317,0.0,0.0,0.0,0.0,14.018691588785046,6.230529595015576,2
0.7590361445783133,54,0.36666666666666664,7.5,18.80370481927711,0.0,0.0,0.0,0.0,14.285714285714285,6.349206349206349,2
0.7912087912087912,65,0.5384615384615384,6.5,19.086895604395604,0.0,0.0,0.0,0.0,7.451564828614009,5.961251862891207,2
0.7473684210526316,62,0.625,6.25,23.36829787234043,0.0,0.0,0.0,1.4306151645207439,10.014306151645208,4.291845493562231,2
0.7525773195876289,58,0.3225806451612903,7.25,18.141973684210523,0.0,0.0,0.0,0.0,7.22543352601156,5.780346820809248,2
0.7027027027027027,65,0.59375,9.5,20.427094594594596,0.0,0.0,0.0,0.0,11.39240506329114,5.063291139240507,2
0.6979166666666666,54,0.4666666666666667,7.75,19.632500000000004,0.0,0.0,0.0,0.0,10.174418604651164,5.813953488372093,2
0.7640449438202247,61,0.6,7.75,18.12008620689655,0.0,0.0,0.0,0.0,9.47867298578199,6.3191153238546605,2
0.7394957983193278,76,0.42857142857142855,10.25,22.215,0.0,0.0,0.0,0.0,8.05523590333717,4.602991944764097,2
0.7553191489361702,62,0.64,7.5,23.3989247311828,0.0,0.0,0.0,1.455604075691412,10.189228529839884,4.366812227074235,2
0.6792452830188679,58,0.29411764705882354,8.25,19.371309523809526,0.0,0.0,0.0,0.0,6.684491978609626,5.347593582887701,2
0.75,69,0.4722222222222222,8.2,18.50992592592593,0.0,0.0,0.0,0.0,19.950124688279303,6.234413965087282,2
0.7586206896551724,58,0.5,6.5,18.31593023255814,0.0,0.0,0.0,0.0,7.961783439490445,6.369426751592357,2
0.7142857142857143,60,0.41379310344827586,8.75,20.334387755102046,0.0,0.0,0.0,0.0,9.575923392612859,5.471956224350205,2
0.7727272727272727,60,0.38461538461538464,8.25,18.79824712643678,0.0,0.0,0.0,0.0,6.329113924050633,6.329113924050633,2
0.7582417582417582,60,0.56,7.0,22.332222222222224,0.0,0.0,0.0,1.5082956259426847,10.558069381598793,4.524886877828055,2
0.6909090909090909,61,0.42105263157894735,9.25,21.49,0.0,0.0,0.0,0.0,10.882708585247885,4.836759371221281,2
0.7582417582417582,58,0.3793103448275862,8.75,18.827554945054946,0.0,0.0,0.0,0.0,17.366136034732275,5.788712011577424,2
0.8023255813953488,60,0.8181818181818182,6.75,22.54455882352941,0.0,0.0,0.0,0.0,11.412268188302425,5.706134094151213,2
0.7009345794392523,62,0.23076923076923078,9.5,19.458207547169817,0.0,0.0,0.0,0.0,8.119079837618402,5.412719891745603,2
0.7289719626168224,65,0.5925925925925926,9.2,17.899925233644854,0.0,0.0,0.0,0.0,9.345794392523365,6.675567423230975,2
0.7553191489361702,62,0.64,7.5,23.3989247311828,0.0,0.0,0.0,1.455604075691412,10.189228529839884,4.366812227074235,2
0.673469387755102,53,0.2647058823529412,8.5,18.80564432989691,0.0,0.0,0.0,0.0,8.547008547008549,5.698005698005698,2
0.7476635514018691,69,0.3611111111111111,7.5,18.773341121495324,0.0,0.0,0.0,0.0,14.686248331108143,5.34045393858478,2
0.7407407407407407,50,0.46153846153846156,6.75,19.549475308641977,0.0,0.0,0.0,0.0,7.936507936507936,6.349206349206349,2
0.77,68,0.36666666666666664,8.25,19.569570707070714,0.0,0.0,0.0,0.0,10.92896174863388,5.46448087431694,2
0.7634408602150538,63,0.6538461538461539,9.0,17.236521739130435,0.0,0.0,0.0,0.0,6.299212598425196,6.299212598425196,2
0.73,63,0.64,6.25,23.978989898989898,0.0,0.0,0.0,1.36986301369863,9.589041095890412,4.10958904109589,2
0.7159090909090909,52,0.3103448275862069,8.0,17.76709302325582,0.0,0.0,0.0,0.0,6.3191153238546605,6.3191153238546605,2
0.8313253012048193,61,0.5185185185185185,7.75,19.314756097560977,0.0,0.0,0.0,0.0,24.8062015503876,6.2015503875969,2
0.8705882352941177,67,0.3793103448275862,7.75,19.71190476190476,0.0,0.0,0.0,0.0,14.970059880239521,5.9880239520958085,2
0.8,63,0.4230769230769231,9.666666666666666,20.640674157303376,0.0,0.0,0.0,0.0,14.240506329113924,4.746835443037975,2
0.7578947368421053,64,0.6,8.666666666666666,21.477894736842106,0.0,0.0,0.0,0.0,9.09090909090909,4.545454545454545,2
0.7553191489361702,62,0.64,7.5,23.3989247311828,0.0,0.0,0.0,1.455604075691412,10.189228529839884,4.366812227074235,2
0.6914893617021277,52,0.35714285714285715,8.75,18.092553763440865,0.0,0.0,0.0,0.0,11.940298507462687,5.970149253731344,2
0.7647058823529411,55,0.5384615384615384,9.0,19.71190476190476,0.0,0.0,0.0,0.0,10.8359133126935,6.191950464396285,2
0.7171717171717171,58,0.3939393939393939,8.25,18.735227272727276,0.0,0.0,0.0,0.0,17.341040462427745,5.780346820809248,2
0.7065217391304348,55,0.3448275862068966,10.666666666666666,20.48835164835165,0.0,0.0,0.0,0.0,12.38390092879257,4.643962848297213,2
0.7228915662650602,49,0.35,8.75,16.19885802469136,0.0,0.0,0.0,0.0,5.514705882352941,7.352941176470588,2
0.7553191489361702,62,0.64,7.5,23.3989247311828,0.0,0.0,0.0,1.455604075691412,10.189228529839884,4.366812227074235,2
0.7647058823529411,57,0.48,8.666666666666666,20.896666666666665,0.0,0.0,0.0,0.0,4.792332268370607,4.792332268370607,2
0.7717391304347826,57,0.48148148148148145,7.0,18.64739130434783,0.0,0.0,0.0,0.0,16.034985422740526,5.830903790087463,2
0.7777777777777778,67,0.41935483870967744,7.4,17.400686868686872,0.0,0.0,0.0,0.0,8.14111261872456,6.784260515603799,2
0.85,62,0.2857142857142857,11.333333333333334,21.654999999999998,0.0,0.0,0.0,0.0,16.5016501650165,4.9504950495049505,2
0.7476635514018691,70,0.5806451612903226,11.0,20.01481132075472,0.0,0.0,0.0,0.0,10.430247718383312,5.215123859191656,2
0.7325581395348837,54,0.5,10.666666666666666,20.725882352941174,0.0,0.0,0.0,0.0,6.589785831960461,4.942339373970346,2
0.7553191489361702,62,0.64,7.5,23.3989247311828,0.0,0.0,0.0,1.455604075691412,10.189228529839884,4.366812227074235,2
0.6914893617021277,52,0.35714285714285715,8.75,18.092553763440865,0.0,0.0,0.0,0.0,11.940298507462687,5.970149253731344,2
0.7608695652173914,60,0.4,8.25,19.34623626373627,0.0,0.0,0.0,0.0,10.494752623688155,5.997001499250374,2
0.6629213483146067,48,0.2962962962962963,8.25,15.75941011235955,0.0,0.0,0.0,0.0,5.016722408026756,6.688963210702341,2
0.7710843373493976,57,0.35714285714285715,8.25,19.60256097560975,0.0,0.0,0.0,0.0,9.554140127388534,6.369426751592357,2
0.7450980392156863,68,0.64,8.25,19.84363861386139,0.0,0.0,0.0,0.0,6.944444444444444,5.555555555555555,2
0.73,63,0.64,6.25,23.978989898989898,0.0,0.0,0.0,1.36986301369863,9.589041095890412,4.10958904109589,2
0.7029702970297029,57,0.42424242424242425,8.5,18.287448979591833,0.0,0.0,0.0,0.0,5.6417489421720735,5.6417489421720735,2
0.7252747252747253,57,0.4838709677419355,7.75,20.849444444444448,0.0,0.0,0.0,0.0,14.577259475218659,5.830903790087463,2
0.8586956521739131,74,0.45454545454545453,8.5,21.597391304347827,0.0,0.0,0.0,0.0,13.966480446927374,5.58659217877095,2
0.7582417582417582,62,0.42857142857142855,7.666666666666667,22.894606741573032,0.0,0.0,0.0,0.0,8.915304606240714,4.457652303120357,2
0.7476635514018691,70,0.6,8.5,18.567641509433972,0.0,0.0,0.0,0.0,11.065006915629322,5.532503457814661,2
0.7553191489361702,62,0.64,7.5,23.3989247311828,0.0,0.0,0.0,1.455604075691412,10.189228529839884,4.366812227074235,2
0.673469387755102,53,0.2647058823529412,8.5,18.80564432989691,0.0,0.0,0.0,0.0,8.547008547008549,5.698005698005698,2
0.7666666666666667,58,0.5333333333333333,8.25,16.59,0.0,0.0,0.0,0.0,20.3125,6.25,2
0.7613636363636364,60,0.4,7.0,18.19909090909091,0.0,0.0,0.0,0.0,12.364760432766614,6.182380216383307,2
0.6972477064220184,59,0.5806451612903226,7.2,18.230766355140194,0.0,0.0,0.0,0.0,5.095541401273885,6.369426751592357,2
0.7553191489361702,62,0.64,7.5,23.3989247311828,0.0,0.0,0.0,1.455604075691412,10.189228529839884,4.366812227074235,2
0.6914893617021277,52,0.35714285714285715,8.75,18.092553763440865,0.0,0.0,0.0,0.0,11.940298507462687,5.970149253731344,2
0.7575757575757576,64,0.6785714285714286,7.2,19.266244897959186,0.0,0.0,0.0,0.0,14.666666666666666,6.666666666666667,2
0.7142857142857143,55,0.2903225806451613,9.333333333333334,21.52571428571429,0.0,0.0,0.0,0.0,7.4183976261127595,4.451038575667656,2
0.7752808988764045,58,0.5714285714285714,7.75,17.880758426966292,0.0,0.0,0.0,0.0,10.954616588419405,6.259780907668231,2
0.7553191489361702,62,0.64,7.5,23.3989247311828,0.0,0.0,0.0,1.455604075691412,10.189228529839884,4.366812227074235,2
0.7222222222222222,52,0.4074074074074074,6.75,18.333181818181824,0.0,0.0,0.0,0.0,9.30232558139535,6.2015503875969,2
0.8,58,0.5172413793103449,7.75,18.58809523809524,0.0,0.0,0.0,0.0,16.793893129770993,6.106870229007633,2
0.7475728155339806,67,0.375,7.5,19.960470297029705,0.0,0.0,0.0,0.0,8.21917808219178,5.47945205479452,2
0.8192771084337349,60,0.5769230769230769,7.0,21.617195121951223,0.0,0.0,0.0,0.0,13.138686131386862,5.839416058394161,2
0.6724137931034483,66,0.5294117647058824,7.5,20.540689655172418,0.0,0.0,0.0,0.0,11.278195488721805,5.012531328320802,2
0.7553191489361702,62,0.64,7.5,23.3989247311828,0.0,0.0,0.0,1.455604075691412,10.189228529839884,4.366812227074235,2
0.6777777777777778,48,0.42857142857142855,8.75,18.278511235955055,0.0,0.0,0.0,0.0,10.606060606060607,6.0606060606060606,2
0.7448979591836735,60,0.46875,6.6,18.543795918367348,0.0,0.0,0.0,0.0,20.242914979757085,6.747638326585696,2
0.8160919540229885,64,0.41379310344827586,7.0,19.88330459770115,0.0,0.0,0.0,0.0,8.823529411764707,5.88235294117647,2
0.7738095238095238,54,0.35714285714285715,7.0,20.6952380952381,0.0,0.0,0.0,0.0,11.976047904191617,5.9880239520958085,2
0.7256637168141593,68,0.5925925925925926,7.8,18.049981981981983,0.0,0.0,0.0,0.0,8.951406649616368,6.39386189258312,2
0.7553191489361702,62,0.64,7.5,23.3989247311828,0.0,0.0,0.0,1.455604075691412,10.189228529839884,4.366812227074235,2
0.6914893617021277,52,0.35714285714285715,8.75,18.092553763440865,0.0,0.0,0.0,0.0,11.940298507462687,5.970149253731344,2
0.8444444444444444,68,0.6666666666666666,7.75,20.930196629213487,0.0,0.0,0.0,0.0,9.91501416430595,5.6657223796034,2
0.6857142857142857,60,0.35135135135135137,7.4,18.39123076923077,0.0,0.0,0.0,0.0,10.973936899862824,6.858710562414266,2
0.7906976744186046,60,0.48,7.75,19.550813953488376,0.0,0.0,0.0,0.0,13.910355486862443,6.182380216383307,2
0.7717391304347826,61,0.6956521739130435,8.75,19.864917582417586,0.0,0.0,0.0,0.0,10.447761194029852,5.970149253731344,2
0.7553191489361702,62,0.64,7.5,23.3989247311828,0.0,0.0,0.0,1.455604075691412,10.189228529839884,4.366812227074235,2
0.6914893617021277,52,0.35714285714285715,8.75,18.092553763440865,0.0,0.0,0.0,0.0,11.940298507462687,5.970149253731344,2
0.8444444444444444,68,0.6666666666666666,7.75,20.930196629213487,0.0,0.0,0.0,0.0,9.91501416430595,5.6657223796034,2
0.6857142857142857,60,0.35135135135135137,7.4,18.39123076923077,0.0,0.0,0.0,0.0,10.973936899862824,6.858710562414266,2
0.7906976744186046,60,0.48,7.75,19.550813953488376,0.0,0.0,0.0,0.0,13.910355486862443,6.182380216383307,2
0.7717391304347826,61,0.6956521739130435,8.75,19.864917582417586,0.0,0.0,0.0,0.0,10.447761194029852,5.970149253731344,2
0.7473684210526316,62,0.625,6.25,23.36829787234043,0.0,0.0,0.0,1.4306151645207439,10.014306151645208,4.291845493562231,2
0.7721518987341772,52,0.44,8.666666666666666,18.301282051282055,0.0,0.0,0.0,0.0,8.992805755395683,5.39568345323741,2
0.7474747474747475,58,0.6206896551724138,9.0,19.973163265306116,0.0,0.0,0.0,0.0,12.211668928086839,5.427408412483039,2
0.7525773195876289,60,0.4666666666666667,7.8,19.27052631578948,0.0,0.0,0.0,0.0,9.49796472184532,6.784260515603799,2
0.801980198019802,71,0.5483870967741935,7.8,19.586000000000002,0.0,0.0,0.0,0.0,6.426735218508997,6.426735218508997,2
0.7473684210526316,62,0.625,6.25,23.36829787234043,0.0,0.0,0.0,1.4306151645207439,10.014306151645208,4.291845493562231,2
0.7721518987341772,52,0.44,8.666666666666666,18.301282051282055,0.0,0.0,0.0,0.0,8.992805755395683,5.39568345323741,2
0.7358490566037735,62,0.7142857142857143,8.75,20.045595238095235,0.0,0.0,0.0,0.0,14.138817480719794,5.141388174807197,2
0.7755102040816326,66,0.45161290322580644,8.25,20.334387755102046,0.0,0.0,0.0,0.0,12.195121951219512,5.420054200542006,2
0.719626168224299,66,0.3939393939393939,8.0,20.83226190476191,0.0,0.0,0.0,0.0,8.974358974358974,5.128205128205129,2
0.6792452830188679,59,0.5185185185185185,12.333333333333334,23.233333333333338,0.0,0.0,0.0,0.0,9.49796472184532,4.07055630936228,2
0.7065217391304348,52,0.875,6.4,10.841887640449439,0.0,0.0,0.0,0.0,19.81981981981982,9.00900900900901,3
0.7087378640776699,62,0.4166666666666667,10.666666666666666,14.402000000000005,0.0,0.0,0.0,0.0,21.812080536912752,5.033557046979865,3
0.7411764705882353,53,0.3157894736842105,5.8,10.90961904761905,0.0,0.0,0.0,0.0,26.119402985074625,9.328358208955223,3
0.7,58,0.42857142857142855,8.0,11.31039473684211,0.0,0.0,0.0,0.0,25.688073394495415,7.339449541284404,3
0.696078431372549,58,0.35,7.25,11.106944444444444,0.0,0.0,0.0,0.0,23.423423423423422,5.405405405405405,3
0.7570093457943925,64,0.6666666666666666,3.764705882352941,13.185714285714287,0.0,0.0,0.0,9.535160905840286,13.110846245530393,8.34326579261025,3
0.7142857142857143,53,0.7647058823529411,6.6,10.851272727272729,0.0,0.0,0.0,0.0,19.855595667870038,9.025270758122744,3
0.7920792079207921,72,0.6538461538461539,7.4,10.500000000000004,0.0,0.0,0.0,0.0,24.793388429752067,8.264462809917356,3
0.6907216494845361,56,0.4074074074074074,9.0,13.436666666666667,0.0,0.0,0.0,0.0,25.723472668810288,6.430868167202572,3
0.6881720430107527,58,0.43478260869565216,8.0,13.122060439560439,0.0,0.0,0.0,0.0,23.04964539007092,7.092198581560283,3
0.7553191489361702,60,0.5,6.666666666666667,16.039784946236562,0.0,0.0,0.0,3.3003300330033003,31.35313531353135,4.9504950495049505,3
0.8045977011494253,58,0.5454545454545454,4.25,14.14057142857143,0.0,0.0,0.0,7.680491551459293,16.897081413210447,7.680491551459293,3
0.7142857142857143,53,0.7647058823529411,6.6,10.851272727272729,0.0,0.0,0.0,0.0,19.855595667870038,9.025270758122744,3
0.7951807228915663,58,0.75,8.0,10.392804878048782,0.0,0.0,0.0,0.0,24.94802494802495,8.316008316008316,3
0.7472527472527473,61,0.5909090909090909,8.25,11.695686813186814,0.0,0.0,0.0,0.0,22.80701754385965,7.017543859649123,3
0.7411764705882353,55,0.5555555555555556,9.666666666666666,14.06235294117647,0.0,0.0,0.0,0.0,19.342359767891683,5.802707930367505,3
0.7529411764705882,54,0.5454545454545454,6.8,12.549264705882354,0.0,0.0,0.0,3.5778175313059033,25.044722719141326,5.366726296958855,3
0.6987951807228916,46,0.14285714285714285,4.3,9.633024691358028,0.0,0.0,0.0,5.366726296958855,10.73345259391771,10.73345259391771,3
0.7816091954022989,55,0.5882352941176471,6.8,11.845238095238098,0.0,0.0,0.0,5.514705882352941,14.705882352941176,7.352941176470588,3
0.7142857142857143,53,0.7647058823529411,6.6,10.851272727272729,0.0,0.0,0.0,0.0,19.855595667870038,9.025270758122744,3
0.7727272727272727,59,0.5909090909090909,7.25,10.931580459770114,0.0,0.0,0.0,0.0,27.29044834307992,7.797270955165692,3
0.7,46,0.47368421052631576,7.0,12.006582278481012,0.0,0.0,0.0,0.0,25.590551181102363,5.905511811023622,3
0.7052631578947368,56,0.55,6.8,8.836842105263159,0.0,0.0,0.0,0.0,16.635859519408502,9.24214417744917,3
0.6699029126213593,57,0.5,5.8,10.864237623762378,0.0,0.0,0.0,0.0,24.469820554649267,6.525285481239805,3
0.7816091954022989,57,0.6,4.777777777777778,10.37952380952381,0.0,0.0,0.0,5.059021922428331,23.608768971332207,10.118043844856661,3
0.759493670886076,51,0.2631578947368421,4.111111111111111,13.218798701298702,0.0,0.0,0.0,7.380073800738007,7.380073800738007,7.380073800738007,3
0.7142857142857143,53,0.7647058823529411,6.6,10.851272727272729,0.0,0.0,0.0,0.0,19.855595667870038,9.025270758122744,3
0.7976190476190477,59,0.7,8.25,10.415753012048196,0.0,0.0,0.0,0.0,24.539877300613497,8.1799591002045,3
0.7127659574468085,59,0.375,9.0,14.455531914893623,0.0,0.0,0.0,0.0,21.352313167259787,5.338078291814947,3
0.6752136752136753,70,0.3870967741935484,9.75,15.149310344827587,0.0,0.0,0.0,0.0,23.709902370990235,5.578800557880055,3
0.696969696969697,59,0.6,10.0,15.39717171717172,0.0,0.0,0.0,0.0,22.26027397260274,5.136986301369863,3
0.7160493827160493,46,0.43478260869565216,4.75,13.173259493670887,0.0,0.0,0.0,8.741258741258742,13.986013986013987,6.993006993006993,3
0.7157894736842105,58,0.55,7.2,10.312086956521739,0.0,0.0,0.0,0.0,22.569444444444443,6.944444444444444,3
0.711340206185567,58,0.5,8.5,10.93776315789474,0.0,0.0,0.0,0.0,23.38129496402878,7.194244604316547,3
0.7204301075268817,57,0.5294117647058824,7.5,12.50975806451613,0.0,0.0,0.0,0.0,21.238938053097346,7.079646017699115,3
0.6637168141592921,63,0.391304347826087,6.6,10.71484684684685,0.0,0.0,0.0,0.0,26.771653543307085,7.874015748031496,3
0.7475728155339806,65,0.44,6.833333333333333,11.917858585858589,0.0,0.0,0.0,4.518072289156627,21.08433734939759,9.036144578313253,3
0.7701149425287356,58,0.6086956521739131,5.142857142857143,13.644224137931037,0.0,0.0,0.0,6.420545746388443,19.261637239165328,6.420545746388443,3
0.7142857142857143,53,0.7647058823529411,6.6,10.851272727272729,0.0,0.0,0.0,0.0,19.855595667870038,9.025270758122744,3
0.7157894736842105,63,0.44,7.75,10.860295698924734,0.0,0.0,0.0,0.0,24.208566108007446,7.4487895716946,3
0.6509433962264151,52,0.5909090909090909,7.25,12.476923076923079,0.0,0.0,0.0,0.0,23.140495867768593,6.6115702479338845,3
0.7093023255813954,51,0.631578947368421,7.666666666666667,12.674117647058825,0.0,0.0,0.0,0.0,13.806706114398422,5.9171597633136095,3
0.7128712871287128,60,0.5238095238095238,6.8,9.754000000000005,0.0,0.0,0.0,0.0,24.518388791593697,7.005253940455342,3
0.7252747252747253,53,0.631578947368421,6.0,13.894712643678158,0.0,0.0,0.0,7.259528130671506,21.77858439201452,3.629764065335753,3
0.6923076923076923,46,0.47619047619047616,4.1,11.223620689655174,0.0,0.0,0.0,6.329113924050633,14.240506329113924,12.658227848101266,3
0.7142857142857143,53,0.7647058823529411,6.6,10.851272727272729,0.0,0.0,0.0,0.0,19.855595667870038,9.025270758122744,3
0.7325581395348837,55,0.47619047619047616,7.666666666666667,13.732380952380954,0.0,0.0,0.0,0.0,25.291828793774318,5.836575875486381,3
0.7252747252747253,57,0.5555555555555556,10.666666666666666,13.013636363636362,0.0,0.0,0.0,0.0,21.44249512670565,5.847953216374268,3
0.7216494845360825,59,0.24,8.5,12.15372340425532,0.0,0.0,0.0,0.0,26.455026455026452,7.054673721340388,3
0.6464646464646465,47,0.4230769230769231,7.0,13.436666666666667,0.0,0.0,0.0,0.0,21.487603305785125,6.6115702479338845,3
0.7674418604651163,57,0.6111111111111112,5.8,11.022205882352946,0.0,0.0,0.0,3.75234521575985,30.0187617260788,5.628517823639775,3
0.7721518987341772,50,0.5294117647058824,4.7,12.54063157894737,0.0,0.0,0.0,8.503401360544219,11.904761904761903,8.503401360544219,3
0.7142857142857143,53,0.7647058823529411,6.6,10.851272727272729,0.0,0.0,0.0,0.0,19.855595667870038,9.025270758122744,3
0.7951807228915663,58,0.75,8.0,10.248902439024391,0.0,0.0,0.0,0.0,25.157232704402517,8.385744234800839,3
0.7692307692307693,61,0.47619047619047616,7.25,11.566016483516488,0.0,0.0,0.0,0.0,24.34782608695652,6.9565217391304355,3
0.6559139784946236,50,0.4782608695652174,7.0,10.180527472527473,0.0,0.0,0.0,0.0,18.51851851851852,9.25925925925926,3
0.6888888888888889,51,0.38095238095238093,5.5,10.690000000000001,0.0,0.0,0.0,0.0,34.883720930232556,7.751937984496124,3
0.7654320987654321,47,0.375,4.333333333333333,12.725158227848102,0.0,0.0,0.0,8.375209380234505,18.425460636515915,6.700167504187605,3
0.7560975609756098,51,0.5,4.875,10.522210526315792,0.0,0.0,0.0,5.7915057915057915,15.444015444015445,9.652509652509652,3
0.7142857142857143,53,0.7647058823529411,6.6,10.851272727272729,0.0,0.0,0.0,0.0,19.855595667870038,9.025270758122744,3
0.7920792079207921,72,0.6538461538461539,7.4,10.500000000000004,0.0,0.0,0.0,0.0,24.793388429752067,8.264462809917356,3
0.7238095238095238,67,0.6538461538461539,7.2,11.929523809523811,0.0,0.0,0.0,1.5082956259426847,21.116138763197586,7.541478129713424,3
0.7341772151898734,49,0.5,7.25,11.832948717948721,0.0,0.0,0.0,0.0,22.821576763485474,8.298755186721992,3
0.717948717948718,47,0.5294117647058824,6.5,12.098717948717951,0.0,0.0,0.0,4.132231404958678,16.528925619834713,6.198347107438017,3
0.7625,53,0.3157894736842105,3.8181818181818183,12.581179487179487,0.0,0.0,0.0,6.9565217391304355,17.391304347826086,8.695652173913043,3
0.7469879518072289,47,0.8,5.6,13.065551948051947,0.0,0.0,0.0,5.649717514124294,20.715630885122412,7.532956685499058,3
0.7142857142857143,53,0.7647058823529411,6.6,10.851272727272729,0.0,0.0,0.0,0.0,19.855595667870038,9.025270758122744,3
0.813953488372093,62,0.4782608695652174,7.2,8.948235294117648,0.0,0.0,0.0,0.0,25.540275049115913,9.823182711198427,3
0.73,63,0.4444444444444444,8.0,10.618000000000002,0.0,0.0,0.0,0.0,22.80130293159609,8.143322475570033,3
0.7011494252873564,48,0.4117647058823529,6.4,9.781176470588235,0.0,0.0,0.0,0.0,26.76864244741874,9.560229445506693,3
0.7727272727272727,59,0.5789473684210527,7.333333333333333,14.979770114942529,0.0,0.0,0.0,1.838235294117647,27.573529411764707,3.676470588235294,3
0.7407407407407407,49,0.9375,5.5,13.218798701298702,0.0,0.0,0.0,7.005253940455342,21.015761821366024,7.005253940455342,3
0.6907216494845361,55,0.6666666666666666,4.875,10.35404255319149,0.0,0.0,0.0,4.958677685950414,11.570247933884296,8.264462809917356,3
0.7142857142857143,53,0.7647058823529411,6.6,10.851272727272729,0.0,0.0,0.0,0.0,19.855595667870038,9.025270758122744,3
0.7083333333333334,57,0.3333333333333333,9.333333333333334,13.451276595744684,0.0,0.0,0.0,0.0,18.51851851851852,5.555555555555555,3
0.7619047619047619,56,0.3888888888888889,10.0,12.327619047619049,0.0,0.0,0.0,0.0,17.857142857142858,5.952380952380952,3
0.7159090909090909,54,0.631578947368421,7.5,12.004302325581396,0.0,0.0,0.0,0.0,18.796992481203006,7.518796992481203,3
0.7176470588235294,48,0.6,9.333333333333334,12.04666666666667,0.0,0.0,0.0,0.0,29.04564315352697,6.224066390041493,3
0.735632183908046,52,0.5,4.888888888888889,12.314380952380954,0.0,0.0,0.0,8.012820512820513,16.025641025641026,9.615384615384617,3
0.7142857142857143,53,0.7647058823529411,6.6,10.851272727272729,0.0,0.0,0.0,0.0,19.855595667870038,9.025270758122744,3
0.7789473684210526,67,0.47619047619047616,8.0,9.14095744680851,0.0,0.0,0.0,0.0,30.075187969924812,7.518796992481203,3
0.7083333333333334,58,0.7272727272727273,8.0,11.96166666666667,0.0,0.0,0.0,0.0,20.97902097902098,6.993006993006993,3
0.6944444444444444,64,0.5833333333333334,7.0,11.393383177570097,0.0,0.0,0.0,0.0,25.11773940345369,7.849293563579277,3
0.75,60,0.5238095238095238,8.0,15.171868131868134,0.0,0.0,0.0,3.442340791738382,22.37521514629948,5.163511187607574,3
0.6947368421052632,54,0.9047619047619048,5.0,11.975396825396825,0.0,0.0,0.0,6.051437216338881,21.18003025718608,12.102874432677762,3
0.7142857142857143,53,0.7647058823529411,6.6,10.851272727272729,0.0,0.0,0.0,0.0,19.855595667870038,9.025270758122744,3
0.7816091954022989,60,0.6363636363636364,7.25,11.043837209302328,0.0,0.0,0.0,0.0,25.79365079365079,7.936507936507936,3
0.7319587628865979,62,0.43478260869565216,7.5,11.186184210526317,0.0,0.0,0.0,0.0,23.29450915141431,6.655574043261232,3
0.6788990825688074,58,0.5,8.5,12.046238317757012,0.0,0.0,0.0,0.0,23.771790808240887,6.3391442155309035,3
0.7115384615384616,65,0.6363636363636364,8.25,17.16116504854369,0.0,0.0,0.0,3.0395136778115504,22.796352583586625,4.559270516717325,3
0.6904761904761905,45,0.5238095238095238,4.888888888888889,11.414419753086424,0.0,0.0,0.0,5.272407732864675,19.332161687170473,8.787346221441126,3
0.7625,51,0.35294117647058826,4.5,11.533084415584419,0.0,0.0,0.0,4.0983606557377055,14.344262295081968,6.147540983606557,3
0.7142857142857143,53,0.7647058823529411,6.6,10.851272727272729,0.0,0.0,0.0,0.0,19.855595667870038,9.025270758122744,3
0.8072289156626506,63,0.5454545454545454,9.5,10.105000000000004,0.0,0.0,0.0,0.0,18.59504132231405,8.264462809917356,3
0.6904761904761905,50,0.4074074074074074,9.0,13.824096385542173,0.0,0.0,0.0,0.0,22.494887525562373,6.134969325153374,3
0.7079646017699115,68,0.75,9.0,12.239889380530972,0.0,0.0,0.0,0.0,29.051987767584098,6.116207951070336,3
0.6736842105263158,52,0.25,6.5,11.49470430107527,0.0,0.0,0.0,0.0,32.608695652173914,7.246376811594203,3
0.6896551724137931,46,0.6666666666666666,4.625,13.302500000000002,0.0,0.0,0.0,8.223684210526315,18.092105263157894,6.578947368421052,3
0.7142857142857143,53,0.7647058823529411,6.6,10.851272727272729,0.0,0.0,0.0,0.0,19.855595667870038,9.025270758122744,3
0.7920792079207921,72,0.6538461538461539,7.4,10.618000000000002,0.0,0.0,0.0,0.0,24.630541871921185,8.210180623973727,3
0.7473684210526316,62,0.5714285714285714,7.5,12.179634831460678,0.0,0.0,0.0,0.0,21.62162162162162,5.405405405405405,3
0.7142857142857143,58,0.43478260869565216,6.25,10.721207865168541,0.0,0.0,0.0,0.0,26.871401151631478,7.677543186180422,3
0.7129629629629629,69,0.48,5.428571428571429,10.66406542056075,0.0,0.0,0.0,1.5313935681470139,27.565084226646245,7.656967840735069,3
0.6851851851851852,62,0.625,6.6,12.034291262135927,0.0,0.0,0.0,0.0,21.806853582554517,7.788161993769471,3
0.6391752577319587,52,0.4583333333333333,8.25,12.945,0.0,0.0,0.0,0.0,24.734982332155475,7.067137809187279,3
0.6513761467889908,59,0.38461538461538464,6.5,13.810724299065424,0.0,0.0,0.0,0.0,25.718608169440245,6.051437216338881,3
0.7752808988764045,63,0.2857142857142857,5.833333333333333,11.729883720930236,0.0,0.0,0.0,1.893939393939394,20.833333333333332,5.681818181818182,3
0.7613636363636364,59,0.5789473684210527,7.25,11.695271084337353,0.0,0.0,0.0,0.0,23.032629558541267,5.758157389635317,3
0.6283185840707964,59,0.3225806451612903,9.75,13.514074074074077,0.0,0.0,0.0,1.5552099533437014,18.66251944012442,4.665629860031105,3
0.7317073170731707,50,0.42857142857142855,5.6,9.235000000000003,0.0,0.0,0.0,0.0,26.804123711340203,10.309278350515465,3
0.6605504587155964,60,0.3181818181818182,7.0,11.025769230769232,0.0,0.0,0.0,0.0,19.077901430842605,7.949125596184419,3
0.7640449438202247,60,0.47619047619047616,5.6,12.192181818181819,1.7543859649122808,0.0,0.0,0.0,21.052631578947366,7.017543859649123,3
0.7222222222222222,54,0.45,6.2,11.540827586206898,0.0,0.0,0.0,0.0,20.370370370370374,9.25925925925926,3
0.75,62,0.5238095238095238,6.5,9.741021505376349,0.0,0.0,0.0,1.6778523489932886,21.812080536912752,10.06711409395973,3
0.7473684210526316,62,0.5714285714285714,7.5,12.179634831460678,0.0,0.0,0.0,0.0,21.62162162162162,5.405405405405405,3
0.7111111111111111,56,0.43478260869565216,6.0,10.690000000000001,0.0,0.0,0.0,0.0,27.45098039215686,7.8431372549019605,3
0.6875,53,0.4782608695652174,5.333333333333333,8.968157894736844,0.0,0.0,0.0,0.0,35.02626970227671,10.507880910683012,3
0.7261904761904762,50,0.5882352941176471,5.2,10.088926829268292,0.0,0.0,0.0,0.0,23.856858846918488,5.964214711729622,3
0.6736842105263158,55,0.5789473684210527,6.4,9.693063829787235,0.0,0.0,0.0,0.0,27.881040892193308,9.29368029739777,3
0.6857142857142857,62,0.42857142857142855,8.75,13.184232673267328,0.0,0.0,0.0,0.0,18.00327332242226,6.546644844517186,3
0.7209302325581395,49,0.8666666666666667,6.333333333333333,13.310952380952383,0.0,0.0,0.0,0.0,32.6530612244898,4.081632653061225,3
0.7473684210526316,62,0.5714285714285714,7.5,12.179634831460678,0.0,0.0,0.0,0.0,21.62162162162162,5.405405405405405,3
0.7096774193548387,57,0.4166666666666667,5.75,11.016111111111112,0.0,0.0,0.0,0.0,26.465028355387524,7.561436672967864,3
0.7021276595744681,58,0.6923076923076923,7.5,13.003913043478267,0.0,0.0,0.0,0.0,28.368794326241133,7.092198581560283,3
0.7623762376237624,70,0.5217391304347826,10.5,12.804000000000002,0.0,0.0,0.0,0.0,18.58108108108108,6.756756756756757,3
0.6964285714285714,67,0.5714285714285714,6.166666666666667,10.004074074074076,0.0,0.0,0.0,0.0,32.01219512195122,9.146341463414634,3
0.675,69,0.3333333333333333,8.75,14.576474358974362,0.0,0.0,0.0,0.0,27.53623188405797,5.797101449275362,3
0.723404255319149,56,0.4444444444444444,5.666666666666667,11.849565217391305,0.0,0.0,0.0,1.7825311942959001,24.955436720142604,5.347593582887701,3
0.7613636363636364,59,0.5789473684210527,7.25,11.695271084337353,0.0,0.0,0.0,0.0,23.032629558541267,5.758157389635317,3
0.7352941176470589,62,0.6086956521739131,8.0,17.37857142857143,0.0,0.0,0.0,0.0,18.272425249169437,4.983388704318936,3
0.74,67,0.2857142857142857,6.8,10.831670103092783,0.0,0.0,0.0,0.0,25.167785234899327,8.389261744966444,3
0.6976744186046512,47,0.42105263157894735,7.0,9.957629629629633,0.0,0.0,0.0,0.0,24.193548387096772,8.064516129032258,3
0.7023809523809523,50,0.38095238095238093,8.333333333333334,14.67710843373494,0.0,0.0,0.0,0.0,21.86878727634195,5.964214711729622,3
0.7254901960784313,60,0.75,7.0,12.62826530612245,0.0,0.0,0.0,0.0,27.586206896551722,6.896551724137931,3
0.7578947368421053,64,0.6190476190476191,7.5,12.327222222222222,0.0,0.0,0.0,0.0,21.390374331550802,5.347593582887701,3
0.672566371681416,58,0.4230769230769231,10.0,23.98909090909091,0.0,0.0,0.0,1.5625,23.4375,1.5625,3
0.7195121951219512,52,0.6,6.0,9.530000000000005,0.0,0.0,0.0,0.0,28.225806451612904,10.080645161290322,3
0.6391752577319587,47,0.6470588235294118,6.166666666666667,8.843947368421055,0.0,0.0,0.0,0.0,24.029574861367838,11.090573012939002,3
0.6804123711340206,57,0.39285714285714285,6.714285714285714,8.305007363770255,0.0,0.0,0.0,0.0,22.413793103448274,8.620689655172413,3
0.5977011494252874,31,0.3,7.25,11.845238095238098,0.0,0.0,0.0,0.0,15.414258188824663,7.707129094412331,3
0.735632183908046,54,0.3,7.0,14.201176470588237,0.0,0.0,0.0,0.0,25.79365079365079,3.968253968253968,3
0.7613636363636364,59,0.5789473684210527,7.25,11.695271084337353,0.0,0.0,0.0,0.0,23.032629558541267,5.758157389635317,3
0.6666666666666666,44,0.375,6.75,11.530384615384616,0.0,0.0,0.0,0.0,23.952095808383234,7.984031936127744,3
0.6896551724137931,69,0.6296296296296297,9.6,11.393911504424779,0.0,0.0,0.0,0.0,21.116138763197586,7.541478129713424,3
0.6974789915966386,72,0.4666666666666667,7.333333333333333,11.791086956521742,0.0,0.0,0.0,0.0,19.498607242339833,8.356545961002785,3
0.7111111111111111,54,0.23809523809523808,7.0,10.841887640449439,0.0,0.0,0.0,0.0,21.73913043478261,9.057971014492754,3
0.7272727272727273,56,0.4,7.0,12.016637931034484,0.0,0.0,0.0,0.0,28.248587570621467,7.532956685499058,3
0.7346938775510204,59,0.5217391304347826,5.666666666666667,10.50231182795699,0.0,0.0,0.0,1.6420361247947455,26.272577996715928,9.852216748768473,3
0.7473684210526316,62,0.5714285714285714,7.5,12.179634831460678,0.0,0.0,0.0,0.0,21.62162162162162,5.405405405405405,3
0.7252747252747253,57,0.5,7.25,11.896818181818187,0.0,0.0,0.0,0.0,24.8565965583174,7.648183556405353,3
0.6728971962616822,63,0.25,8.75,12.890283018867926,0.0,0.0,0.0,0.0,24.350649350649352,6.493506493506494,3
0.7157894736842105,58,0.4074074074074074,8.75,12.382876344086025,0.0,0.0,0.0,0.0,28.037383177570092,7.4766355140186915,3
0.6792452830188679,57,0.34782608695652173,6.333333333333333,9.551237623762379,0.0,0.0,0.0,0.0,24.509803921568626,8.169934640522877,3
0.7126436781609196,53,0.35,8.0,13.451428571428576,0.0,0.0,0.0,0.0,28.455284552845526,6.097560975609756,3
0.7613636363636364,59,0.5789473684210527,7.25,11.695271084337353,0.0,0.0,0.0,0.0,23.032629558541267,5.758157389635317,3
0.6730769230769231,57,0.5769230769230769,7.8,12.624000000000002,0.0,0.0,0.0,0.0,25.559105431309902,7.987220447284344,3
0.7065217391304348,54,0.3181818181818182,6.0,10.444134831460676,0.0,0.0,0.0,0.0,27.27272727272727,7.2727272727272725,3
0.72,62,0.4230769230769231,7.25,12.775631313131314,0.0,0.0,0.0,0.0,22.033898305084744,6.779661016949152,3
0.6829268292682927,45,0.35,5.0,8.932500000000001,0.0,0.0,0.0,0.0,34.83606557377049,6.147540983606557,3
0.6564885496183206,72,0.7037037037037037,7.8,13.292437500000002,0.0,0.0,0.0,0.0,19.157088122605362,6.385696040868455,3
0.7619047619047619,54,0.5,6.2,10.39466666666667,0.0,0.0,0.0,1.8832391713747645,22.598870056497177,9.416195856873822,3
0.7064220183486238,67,0.6153846153846154,7.2,10.918095238095237,0.0,0.0,0.0,0.0,23.88535031847134,6.369426751592357,3
0.7586206896551724,59,0.6363636363636364,5.166666666666667,10.00293103448276,0.0,0.0,1.8214936247723132,0.0,34.60837887067395,9.107468123861567,3
0.6862745098039216,60,0.5714285714285714,5.833333333333333,9.202745098039216,0.0,0.0,0.0,0.0,29.010238907849832,10.238907849829351,3
0.7127659574468085,55,0.5263157894736842,8.666666666666666,16.166666666666668,0.0,0.0,0.0,0.0,27.2572402044293,5.110732538330494,3
0.759493670886076,49,0.5416666666666666,4.363636363636363,11.870545454545457,0.0,0.0,0.0,8.880994671403197,19.538188277087034,8.880994671403197,3
0.7613636363636364,59,0.5789473684210527,7.25,11.695271084337353,0.0,0.0,0.0,0.0,23.032629558541267,5.758157389635317,3
0.6037735849056604,48,0.6666666666666666,7.0,8.961632653061226,0.0,0.0,0.0,0.0,27.35042735042735,8.547008547008549,3
0.7195121951219512,51,0.65,5.2,9.229234567901234,0.0,0.0,0.0,0.0,30.80082135523614,10.266940451745379,3
0.7349397590361446,51,0.2631578947368421,4.8,9.369414634146345,0.0,0.0,0.0,0.0,30.425963488843813,10.141987829614605,3
0.6666666666666666,47,0.391304347826087,6.2,10.862666666666666,0.0,0.0,0.0,0.0,26.881720430107528,8.960573476702509,3
0.6666666666666666,54,0.3333333333333333,9.25,12.701363636363634,0.0,0.0,0.0,0.0,18.55287569573284,7.421150278293135,3
0.6814814814814815,75,0.3225806451612903,7.166666666666667,12.291412213740461,0.0,0.0,0.0,1.199040767386091,22.781774580335732,7.194244604316547,3
0.7473684210526316,62,0.5714285714285714,7.5,12.179634831460678,0.0,0.0,0.0,0.0,21.62162162162162,5.405405405405405,3
0.7142857142857143,58,0.43478260869565216,6.25,10.721207865168541,0.0,0.0,0.0,0.0,26.871401151631478,7.677543186180422,3
0.6847826086956522,50,0.8095238095238095,6.4,10.572222222222223,0.0,0.0,0.0,0.0,30.075187969924812,7.518796992481203,3
0.7222222222222222,57,0.2916666666666667,7.2,10.985363636363637,0.0,0.0,0.0,0.0,21.85792349726776,9.107468123861567,3
0.6875,56,0.375,6.166666666666667,9.961842105263159,0.0,0.0,0.0,0.0,25.996533795493935,10.398613518197575,3
0.7058823529411765,49,0.5,8.666666666666666,14.201176470588237,0.0,0.0,0.0,0.0,19.45525291828794,5.836575875486381,3
0.76,63,0.3888888888888889,5.833333333333333,8.885278350515463,0.0,0.0,0.0,1.7761989342806395,17.761989342806395,7.104795737122558,3
0.7613636363636364,59,0.5789473684210527,7.25,11.695271084337353,0.0,0.0,0.0,0.0,23.032629558541267,5.758157389635317,3
0.6630434782608695,51,0.3333333333333333,7.666666666666667,15.311764705882354,0.0,0.0,0.0,0.0,18.656716417910445,5.597014925373134,3
0.8085106382978723,71,0.8235294117647058,6.2,11.21789010989011,0.0,0.0,0.0,0.0,23.64864864864865,6.756756756756757,3
0.7171717171717171,63,0.5185185185185185,6.0,12.291463917525775,0.0,0.0,0.0,0.0,25.31645569620253,7.9113924050632916,3
0.6781609195402298,51,0.43478260869565216,6.166666666666667,9.092647058823534,0.0,0.0,0.0,0.0,15.594541910331383,5.847953216374268,3
0.652542372881356,64,0.68,7.2,13.593913043478263,0.0,0.0,0.0,0.0,31.563845050215207,7.173601147776184,3
0.7016129032258065,71,0.32,6.666666666666667,11.916163934426226,0.0,0.0,0.0,1.375515818431912,16.506189821182943,5.502063273727648,3
0.7613636363636364,59,0.5789473684210527,7.25,11.695271084337353,0.0,0.0,0.0,0.0,23.032629558541267,5.758157389635317,3
0.6635514018691588,61,0.40625,8.75,13.276000000000003,0.0,0.0,0.0,0.0,17.656500802568218,6.420545746388443,3
0.7209302325581395,52,0.48,6.75,12.271617647058829,0.0,0.0,0.0,0.0,30.0187617260788,7.5046904315197,3
0.7125,51,0.35,8.666666666666666,13.948354430379748,0.0,0.0,0.0,0.0,19.06779661016949,6.355932203389831,3
0.7407407407407407,53,0.4444444444444444,8.0,13.985000000000003,0.0,0.0,0.0,0.0,25.157232704402517,6.289308176100629,3
0.6638655462184874,65,0.34782608695652173,7.666666666666667,12.004210526315791,0.0,0.0,0.0,0.0,18.258426966292134,8.426966292134832,3
0.7213114754098361,75,0.6363636363636364,6.666666666666667,12.748333333333335,0.0,0.0,0.0,1.3280212483399734,23.904382470119522,6.6401062416998675,3
0.7578947368421053,64,0.6190476190476191,7.5,12.327222222222222,0.0,0.0,0.0,0.0,21.390374331550802,5.347593582887701,3
0.7195121951219512,48,0.875,6.75,11.974166666666669,0.0,0.0,0.0,2.092050209205021,25.10460251046025,8.368200836820083,3
0.7111111111111111,58,0.48,9.666666666666666,12.945287356321845,0.0,0.0,0.0,0.0,28.34008097165992,6.0728744939271255,3
0.6976744186046512,53,0.5909090909090909,6.5,12.964767441860463,0.0,0.0,0.0,0.0,22.3463687150838,7.4487895716946,3
0.7033898305084746,76,0.5,8.0,14.41317241379311,0.0,0.0,0.0,0.0,21.65087956698241,6.7658998646820026,3
0.6639344262295082,70,0.46153846153846156,6.0,13.338333333333335,0.0,0.0,0.0,0.0,28.26379542395693,6.7294751009421265,3
0.7156862745098039,62,0.4444444444444444,7.25,13.23030612244898,0.0,0.0,0.0,0.0,24.0,6.4,3
0.7052631578947368,58,0.32142857142857145,9.5,11.061973684210525,0.0,0.0,0.0,0.0,17.857142857142858,7.142857142857142,3
0.6781609195402298,51,0.5,8.333333333333334,13.966265060240968,0.0,0.0,0.0,0.0,15.841584158415841,5.9405940594059405,3
0.6363636363636364,52,0.4230769230769231,8.5,12.179671717171718,0.0,0.0,0.0,0.0,27.68166089965398,6.920415224913495,3
0.7317073170731707,52,0.45454545454545453,5.428571428571429,11.385000000000002,0.0,0.0,0.0,5.660377358490566,16.9811320754717,9.433962264150942,3
0.7375,50,0.6666666666666666,4.9,13.401578947368424,0.0,0.0,0.0,7.407407407407407,14.814814814814815,7.407407407407407,3
0.7558139534883721,56,0.4782608695652174,6.25,12.263536585365856,0.0,0.0,0.0,0.0,26.515151515151516,7.575757575757576,3
0.6823529411764706,48,0.375,8.25,12.407142857142855,0.0,0.0,0.0,0.0,23.941068139963168,7.366482504604051,3
0.7191011235955056,53,0.37037037037037035,7.75,11.609741379310346,0.0,0.0,0.0,0.0,14.705882352941176,7.352941176470588,3
0.6634615384615384,58,0.4230769230769231,7.2,12.148854368932039,0.0,0.0,0.0,0.0,25.0,7.8125,3
0.7441860465116279,52,0.631578947368421,6.0,11.318255813953488,0.0,0.0,0.0,5.347593582887701,21.390374331550802,7.1301247771836005,3
0.7444444444444445,55,0.4782608695652174,4.75,11.591470588235293,0.0,0.0,0.0,6.493506493506494,16.233766233766232,12.987012987012989,3
0.7558139534883721,56,0.4782608695652174,6.25,12.263536585365856,0.0,0.0,0.0,0.0,26.515151515151516,7.575757575757576,3
0.6823529411764706,48,0.375,8.25,12.407142857142855,0.0,0.0,0.0,0.0,23.941068139963168,7.366482504604051,3
0.7272727272727273,54,0.37037037037037035,7.5,11.181046511627908,0.0,0.0,0.0,0.0,15.037593984962406,7.518796992481203,3
0.6853932584269663,52,0.55,6.2,8.974000000000004,0.0,0.0,1.968503937007874,0.0,25.590551181102363,7.874015748031496,3
0.7176470588235294,51,0.42105263157894735,6.6,10.159523809523808,0.0,0.0,0.0,3.802281368821293,22.813688212927758,7.604562737642586,3
0.7604166666666666,61,0.48148148148148145,4.153846153846154,13.674354838709679,0.0,0.0,0.0,7.052186177715092,16.925246826516222,9.873060648801129,3
0.7303370786516854,55,0.3333333333333333,7.0,11.985714285714284,0.0,0.0,0.0,0.0,25.925925925925924,7.407407407407407,3
0.6942148760330579,74,0.3684210526315789,7.6,13.315000000000001,0.0,0.0,0.0,0.0,22.566995768688294,5.6417489421720735,3
0.631578947368421,51,0.48,6.5,10.086052631578951,0.0,0.0,0.0,0.0,29.929577464788732,10.56338028169014,3
0.6951219512195121,48,0.42857142857142855,8.333333333333334,13.0041975308642,0.0,0.0,0.0,0.0,23.157894736842106,6.315789473684211,3
0.7777777777777778,52,1.2142857142857142,5.857142857142857,12.581179487179487,0.0,0.0,0.0,5.199306759098787,24.263431542461007,8.665511265164644,3
0.7701149425287356,60,0.25,4.714285714285714,10.721428571428572,0.0,0.0,0.0,5.545286506469501,22.181146025878004,7.393715341959335,3
0.7558139534883721,56,0.4782608695652174,6.25,12.263536585365856,0.0,0.0,0.0,0.0,26.515151515151516,7.575757575757576,3
0.6823529411764706,48,0.375,8.25,12.407142857142855,0.0,0.0,0.0,0.0,23.941068139963168,7.366482504604051,3
0.7555555555555555,58,0.34615384615384615,7.5,12.701363636363634,0.0,0.0,0.0,0.0,17.452006980802793,6.980802792321117,3
0.6513761467889908,57,0.5,5.833333333333333,8.802222222222223,0.0,0.0,1.594896331738437,0.0,33.49282296650718,7.974481658692184,3
0.7126436781609196,51,0.5714285714285714,5.833333333333333,11.729883720930236,0.0,0.0,0.0,5.172413793103448,18.96551724137931,6.896551724137931,3
0.7530864197530864,52,0.3333333333333333,5.375,11.086842105263155,1.7953321364452424,0.0,0.0,7.1813285457809695,19.748653500897664,14.362657091561939,3
0.7558139534883721,56,0.4782608695652174,6.25,12.263536585365856,0.0,0.0,0.0,0.0,26.515151515151516,7.575757575757576,3
0.6823529411764706,48,0.375,8.25,12.407142857142855,0.0,0.0,0.0,0.0,23.941068139963168,7.366482504604051,3
0.7525773195876289,63,0.37037037037037035,8.0,12.30407894736842,0.0,0.0,0.0,0.0,18.51851851851852,6.7340067340067336,3
0.7045454545454546,51,0.45,5.5,11.360454545454548,0.0,0.0,0.0,0.0,36.7504835589942,7.7369439071566735,3
0.7380952380952381,51,0.5714285714285714,5.6,15.626419753086424,0.0,0.0,0.0,5.376344086021506,17.921146953405017,5.376344086021506,3
0.7102803738317757,57,0.6086956521739131,4.8,12.812142857142856,0.0,0.0,0.0,6.793478260869565,13.58695652173913,8.152173913043478,3
0.7558139534883721,56,0.4782608695652174,6.25,12.263536585365856,0.0,0.0,0.0,0.0,26.515151515151516,7.575757575757576,3
0.6597938144329897,55,0.4074074074074074,8.0,11.931447368421058,0.0,0.0,0.0,0.0,25.041736227045075,6.67779632721202,3
0.7551020408163265,66,0.375,7.6,11.073914893617022,0.0,0.0,0.0,0.0,25.0,6.666666666666667,3
0.7222222222222222,54,0.8571428571428571,7.4,12.932222222222222,0.0,0.0,0.0,0.0,25.64102564102564,8.547008547008549,3
0.7087378640776699,60,0.6818181818181818,6.6,11.331564356435646,0.0,0.0,0.0,3.0959752321981426,24.76780185758514,7.739938080495356,3
0.7160493827160493,45,0.3181818181818182,4.111111111111111,14.102179487179487,0.0,0.0,0.0,7.168458781362007,12.544802867383513,7.168458781362007,3
0.7558139534883721,56,0.4782608695652174,6.25,12.263536585365856,0.0,0.0,0.0,0.0,26.515151515151516,7.575757575757576,3
0.6823529411764706,48,0.375,8.25,12.407142857142855,0.0,0.0,0.0,0.0,23.941068139963168,7.366482504604051,3
0.6990291262135923,61,0.4482758620689655,7.5,11.66542079207921,0.0,0.0,0.0,0.0,25.64102564102564,6.41025641025641,3
0.7325581395348837,56,0.5555555555555556,7.25,11.318255813953488,0.0,0.0,0.0,0.0,32.94573643410853,7.751937984496124,3
0.7142857142857143,48,0.45,4.714285714285714,12.482195121951221,0.0,0.0,0.0,5.660377358490566,18.867924528301884,5.660377358490566,3
0.7340425531914894,58,0.5,4.666666666666667,11.358888888888888,0.0,0.0,0.0,6.493506493506494,16.233766233766232,8.116883116883116,3
0.7558139534883721,56,0.4782608695652174,6.25,12.263536585365856,0.0,0.0,0.0,0.0,26.515151515151516,7.575757575757576,3
0.6823529411764706,48,0.375,8.25,12.407142857142855,0.0,0.0,0.0,0.0,23.941068139963168,7.366482504604051,3
0.7222222222222222,54,0.4074074074074074,7.75,11.628636363636364,0.0,0.0,0.0,0.0,14.652014652014651,7.326007326007326,3
0.725,48,0.47368421052631576,6.25,8.656025641025643,0.0,0.0,0.0,0.0,20.27027027027027,9.00900900900901,3
0.77,66,0.5909090909090909,4.857142857142857,10.582894736842107,0.0,0.0,0.0,4.615384615384616,26.153846153846153,12.307692307692308,3
0.797979797979798,68,0.6363636363636364,5.222222222222222,10.685416666666672,0.0,0.0,0.0,6.230529595015576,17.133956386292834,9.345794392523365,3
0.7558139534883721,56,0.4782608695652174,6.25,12.263536585365856,0.0,0.0,0.0,0.0,26.515151515151516,7.575757575757576,3
0.6823529411764706,48,0.375,8.25,12.407142857142855,0.0,0.0,0.0,0.0,23.941068139963168,7.366482504604051,3
0.7272727272727273,54,0.37037037037037035,7.5,11.181046511627908,0.0,0.0,0.0,0.0,15.037593984962406,7.518796992481203,3
0.6847826086956522,55,0.4782608695652174,7.2,9.661846153846156,0.0,0.0,0.0,0.0,23.941068139963168,9.208103130755065,3
0.7,48,0.4583333333333333,4.857142857142857,12.701363636363634,0.0,0.0,0.0,5.190311418685121,19.031141868512112,6.920415224913495,3
0.7325581395348837,49,0.5294117647058824,4.4,10.066761904761904,0.0,0.0,0.0,8.928571428571429,8.928571428571429,7.142857142857142,3
0.7291666666666666,60,0.48148148148148145,7.5,12.473708791208796,0.0,0.0,0.0,0.0,25.773195876288657,6.8728522336769755,3
0.7346938775510204,64,0.38461538461538464,6.75,12.86908163265306,0.0,0.0,0.0,0.0,34.313725490196084,6.5359477124183005,3
0.6625,45,0.45454545454545453,11.5,18.890000000000004,0.0,0.0,0.0,0.0,15.686274509803921,3.9215686274509802,3
0.6470588235294118,64,0.5151515151515151,8.0,15.646113445378152,0.0,0.0,0.0,0.0,28.965517241379313,5.517241379310344,3
0.7582417582417582,58,0.2857142857142857,5.111111111111111,13.325555555555557,0.0,0.0,0.0,8.928571428571429,13.392857142857142,7.44047619047619,3
0.7558139534883721,56,0.4782608695652174,6.25,12.263536585365856,0.0,0.0,0.0,0.0,26.515151515151516,7.575757575757576,3
0.6823529411764706,48,0.375,8.25,12.407142857142855,0.0,0.0,0.0,0.0,23.941068139963168,7.366482504604051,3
0.7272727272727273,54,0.37037037037037035,7.5,11.181046511627908,0.0,0.0,0.0,0.0,15.037593984962406,7.518796992481203,3
0.6881720430107527,56,0.4583333333333333,7.2,10.055565217391305,0.0,0.0,0.0,0.0,23.679417122040075,9.107468123861567,3
0.7252747252747253,54,0.8,5.666666666666667,16.530561797752814,0.0,0.0,0.0,4.9916805324459235,21.630615640599004,4.9916805324459235,3
0.7053571428571429,63,0.6818181818181818,4.8,12.605091743119267,0.0,0.0,0.0,6.775067750677507,10.840108401084011,8.130081300813009,3
0.7558139534883721,56,0.4782608695652174,6.25,12.263536585365856,0.0,0.0,0.0,0.0,26.515151515151516,7.575757575757576,3
0.6823529411764706,48,0.375,8.25,12.407142857142855,0.0,0.0,0.0,0.0,23.941068139963168,7.366482504604051,3
0.7555555555555555,58,0.34615384615384615,7.5,12.701363636363634,0.0,0.0,0.0,0.0,17.452006980802793,6.980802792321117,3
0.6947368421052632,56,0.38095238095238093,5.5,8.596595744680851,0.0,0.0,1.7825311942959001,0.0,32.0855614973262,8.9126559714795,3
0.7619047619047619,52,0.38461538461538464,4.777777777777778,12.848240740740742,0.0,0.0,0.0,6.9565217391304355,17.391304347826086,6.9565217391304355,3
0.7157894736842105,52,0.5454545454545454,4.777777777777778,10.681091954022992,0.0,0.0,0.0,6.688963210702341,13.377926421404682,11.705685618729095,3
0.7289719626168224,69,0.4444444444444444,7.8,10.675846153846155,0.0,0.0,0.0,0.0,17.377567140600316,6.3191153238546605,3
0.651685393258427,46,0.4090909090909091,7.8,9.108090909090912,0.0,0.0,1.9646365422396854,0.0,23.575638506876228,7.858546168958742,3
0.6956521739130435,51,0.5238095238095238,8.5,12.362608695652174,0.0,0.0,0.0,0.0,30.74141048824593,7.2332730560578655,3
0.6835443037974683,46,0.4,6.0,10.484651898734182,0.0,0.0,0.0,0.0,26.970954356846473,8.298755186721992,3
0.7848101265822784,54,0.6111111111111112,6.75,13.460256410256413,0.0,0.0,0.0,4.0,16.0,6.0,3
0.8024691358024691,59,0.6521739130434783,4.555555555555555,16.068846153846156,0.0,0.0,0.0,6.722689075630252,21.848739495798316,6.722689075630252,3
0.7558139534883721,56,0.4782608695652174,6.25,12.263536585365856,0.0,0.0,0.0,0.0,26.515151515151516,7.575757575757576,3
0.6823529411764706,48,0.375,8.25,12.407142857142855,0.0,0.0,0.0,0.0,23.941068139963168,7.366482504604051,3
0.7040816326530612,59,0.5769230769230769,6.666666666666667,15.45041666666667,0.0,0.0,0.0,0.0,19.966722129783694,4.9916805324459235,3
0.6698113207547169,61,0.5,8.2,11.592380952380953,0.0,0.0,0.0,0.0,20.408163265306122,7.849293563579277,3
0.735632183908046,54,0.35,5.0,11.318255813953488,0.0,0.0,0.0,5.4945054945054945,21.978021978021978,7.326007326007326,3
0.7008547008547008,64,0.44,4.454545454545454,12.431106194690265,0.0,0.0,0.0,6.587615283267457,10.540184453227932,7.905138339920948,3
0.7558139534883721,56,0.4782608695652174,6.25,12.263536585365856,0.0,0.0,0.0,0.0,26.515151515151516,7.575757575757576,3
0.6823529411764706,48,0.375,8.25,12.407142857142855,0.0,0.0,0.0,0.0,23.941068139963168,7.366482504604051,3
0.7582417582417582,59,0.38461538461538464,7.25,12.29909090909091,0.0,0.0,0.0,0.0,19.50354609929078,7.092198581560283,3
0.63,50,0.7727272727272727,7.0,10.618000000000002,0.0,0.0,0.0,0.0,28.47571189279732,8.375209380234505,3
0.7558139534883721,53,0.5416666666666666,3.8333333333333335,11.030588235294118,0.0,0.0,0.0,8.347245409015025,16.69449081803005,8.347245409015025,3
0.7564102564102564,46,0.5294117647058824,5.333333333333333,11.389166666666668,0.0,0.0,0.0,5.88235294117647,15.686274509803921,3.9215686274509802,3
0.7558139534883721,56,0.4782608695652174,6.25,12.263536585365856,0.0,0.0,0.0,0.0,26.515151515151516,7.575757575757576,3
0.6823529411764706,48,0.375,8.25,12.407142857142855,0.0,0.0,0.0,0.0,23.941068139963168,7.366482504604051,3
0.7241379310344828,54,0.55,7.666666666666667,12.951764705882354,0.0,0.0,0.0,0.0,17.30769230769231,5.769230769230769,3
0.6415094339622641,57,0.30303030303030304,6.0,10.805714285714284,0.0,0.0,0.0,0.0,31.948881789137378,7.987220447284344,3
0.6951219512195121,44,0.30434782608695654,4.875,10.622692307692308,0.0,0.0,0.0,7.766990291262136,13.592233009708737,7.766990291262136,3
0.76,69,0.5714285714285714,9.0,13.190833333333334,0.0,0.0,0.0,0.0,23.1023102310231,6.600660066006601,3
0.6923076923076923,51,0.2916666666666667,8.75,8.583598901098902,0.0,0.0,0.0,0.0,32.128514056224894,8.032128514056224,3
0.7021276595744681,59,0.4583333333333333,7.6,11.33066666666667,0.0,0.0,0.0,0.0,18.211920529801326,8.27814569536424,3
0.6896551724137931,49,0.23076923076923078,8.5,11.438676470588238,0.0,0.0,0.0,0.0,18.975332068311193,7.590132827324478,3
0.6276595744680851,49,0.2,6.166666666666667,10.121666666666666,0.0,0.0,0.0,0.0,22.181146025878004,7.393715341959335,3
0.7159090909090909,56,0.28,6.25,10.220581395348841,0.0,0.0,0.0,0.0,24.096385542168676,8.032128514056224,3
0.648936170212766,47,0.375,8.666666666666666,15.30153846153846,0.0,0.0,0.0,0.0,22.68760907504363,5.235602094240838,3
0.7777777777777778,69,0.5,8.2,11.07263157894737,0.0,0.0,0.0,0.0,19.48051948051948,8.116883116883116,3
0.7075471698113207,66,0.5384615384615384,8.25,13.611538461538462,0.0,0.0,0.0,0.0,24.691358024691358,6.172839506172839,3
0.6888888888888889,56,0.5,7.5,13.245000000000001,0.0,0.0,1.7452006980802792,0.0,24.432809773123907,5.235602094240838,3
0.7096774193548387,60,0.45,6.8,11.752222222222223,0.0,0.0,0.0,0.0,21.62162162162162,9.00900900900901,3
0.6521739130434783,47,0.2631578947368421,7.6,10.055565217391305,0.0,0.0,0.0,0.0,16.393442622950822,9.107468123861567,3
0.6290322580645161,65,0.3548387096774194,8.25,15.973231707317073,0.0,0.0,0.0,0.0,21.91780821917808,5.47945205479452,3
0.7692307692307693,63,0.5789473684210527,9.0,12.559166666666666,0.0,0.0,0.0,0.0,19.891500904159134,7.2332730560578655,3
0.6568627450980392,55,0.22727272727272727,6.8,11.560122448979595,0.0,0.0,0.0,0.0,26.272577996715928,8.210180623973727,3
0.6744186046511628,46,0.4444444444444444,7.75,11.126596385542172,0.0,0.0,0.0,0.0,24.390243902439025,6.097560975609756,3
0.6886792452830188,67,0.4666666666666667,7.166666666666667,11.688333333333336,0.0,0.0,0.0,0.0,16.897081413210447,9.216589861751151,3
0.6956521739130435,56,0.22727272727272727,7.25,11.825357142857147,0.0,0.0,0.0,0.0,20.257826887661142,7.366482504604051,3
0.6016949152542372,52,0.34375,9.25,15.372632743362832,0.0,0.0,0.0,0.0,19.886363636363637,5.681818181818182,3
0.7558139534883721,54,0.23809523809523808,6.2,10.503277108433736,0.0,0.0,0.0,1.838235294117647,20.22058823529412,9.191176470588236,3
0.76,69,0.5714285714285714,9.0,13.190833333333334,0.0,0.0,0.0,0.0,23.1023102310231,6.600660066006601,3
0.7386363636363636,56,0.391304347826087,6.75,9.61727272727273,0.0,0.0,0.0,0.0,35.50295857988166,7.889546351084813,3
0.7575757575757576,70,0.6,6.8,12.162163265306127,0.0,0.0,0.0,0.0,22.292993630573246,7.961783439490445,3
0.6568627450980392,53,0.6521739130434783,7.8,11.685607843137255,0.0,0.0,0.0,0.0,24.8062015503876,7.751937984496124,3
0.7261904761904762,54,0.4090909090909091,7.4,10.628666666666668,0.0,0.0,0.0,0.0,25.1937984496124,9.689922480620154,3
0.69,57,0.36,7.75,13.866,0.0,0.0,0.0,0.0,22.913256955810148,6.546644844517186,3
0.7441860465116279,56,0.4583333333333333,5.2,15.034117647058828,0.0,0.0,0.0,5.405405405405405,16.216216216216218,5.405405405405405,3
0.6853932584269663,49,0.38461538461538464,5.285714285714286,13.77064606741573,0.0,0.0,0.0,6.578947368421052,9.868421052631579,6.578947368421052,3
0.76,69,0.5217391304347826,9.0,13.190833333333334,0.0,0.0,0.0,0.0,23.1023102310231,6.600660066006601,3
0.7,60,0.30434782608695654,8.8,8.81886868686869,0.0,0.0,0.0,0.0,26.17801047120419,8.726003490401396,3
0.7307692307692307,49,0.4444444444444444,7.333333333333333,13.30897435897436,0.0,0.0,0.0,0.0,28.446389496717725,6.564551422319474,3
0.7752808988764045,61,0.34782608695652173,7.5,11.896818181818187,0.0,0.0,0.0,0.0,21.072796934865902,7.662835249042145,3
0.7241379310344828,53,0.2222222222222222,5.166666666666667,7.704411764705885,0.0,0.0,0.0,0.0,22.22222222222222,12.121212121212121,3
0.7127659574468085,54,0.3333333333333333,6.75,13.003913043478267,0.0,0.0,0.0,0.0,25.773195876288657,6.8728522336769755,3
0.6764705882352942,74,0.5666666666666667,6.142857142857143,10.451578947368422,0.0,0.0,0.0,1.2135922330097086,24.271844660194173,8.495145631067961,3
0.76,69,0.5714285714285714,9.0,13.190833333333334,0.0,0.0,0.0,0.0,23.1023102310231,6.600660066006601,3
0.7228915662650602,51,0.2857142857142857,8.0,8.6659756097561,0.0,0.0,0.0,0.0,32.454361054766736,8.113590263691684,3
0.6976744186046512,51,0.25,6.75,9.87857142857143,0.0,0.0,0.0,0.0,28.985507246376812,8.281573498964804,3
0.7560975609756098,54,0.6153846153846154,7.25,9.762500000000003,0.0,0.0,0.0,0.0,21.78649237472767,8.71459694989107,3
0.6813186813186813,55,0.4583333333333333,7.4,10.974471910112364,0.0,0.0,0.0,0.0,19.157088122605362,7.662835249042145,3
0.6931818181818182,55,0.3181818181818182,7.75,11.609741379310346,0.0,0.0,0.0,0.0,23.483365949119374,7.8277886497064575,3
0.652542372881356,62,0.32142857142857145,7.0,12.698393162393163,0.0,0.0,0.0,0.0,28.735632183908045,7.183908045977011,3
0.7448979591836735,62,0.45454545454545453,7.4,10.451578947368422,0.0,0.0,0.0,1.6722408026755853,25.08361204013378,8.361204013377925,3
0.76,69,0.5714285714285714,9.0,13.190833333333334,0.0,0.0,0.0,0.0,23.1023102310231,6.600660066006601,3
0.6923076923076923,51,0.2916666666666667,8.75,8.583598901098902,0.0,0.0,0.0,0.0,32.128514056224894,8.032128514056224,3
0.7111111111111111,56,0.5,7.0,10.178966292134831,0.0,0.0,0.0,0.0,22.92768959435626,8.818342151675484,3
0.6813186813186813,52,0.22727272727272727,6.2,8.605555555555554,0.0,0.0,0.0,0.0,28.62595419847328,9.541984732824428,3
0.7252747252747253,58,0.4,8.25,13.77064606741573,0.0,0.0,0.0,0.0,17.73049645390071,7.092198581560283,3
0.7032967032967034,56,0.36363636363636365,6.0,11.34756043956044,0.0,0.0,0.0,0.0,23.593466424682397,9.074410163339383,3
0.6759259259259259,61,0.3333333333333333,8.25,14.91352803738318,0.0,0.0,0.0,0.0,25.757575757575758,6.0606060606060606,3
0.7126436781609196,50,0.375,4.9,13.208697674418605,0.0,0.0,0.0,9.230769230769232,12.307692307692308,7.6923076923076925,3
0.76,69,0.5714285714285714,9.0,13.190833333333334,0.0,0.0,0.0,0.0,23.1023102310231,6.600660066006601,3
0.7439024390243902,53,0.42105263157894735,7.25,9.817195121951222,0.0,0.0,0.0,0.0,27.196652719665273,8.368200836820083,3
0.7307692307692307,64,0.43478260869565216,6.0,10.351601941747575,0.0,0.0,0.0,0.0,32.45749613601237,9.27357032457496,3
0.7093023255813954,53,0.875,7.75,10.328088235294121,0.0,0.0,0.0,0.0,28.282828282828284,8.080808080808081,3
0.6470588235294118,44,0.20833333333333334,7.75,12.406114457831329,0.0,0.0,0.0,0.0,22.5140712945591,7.5046904315197,3
0.6666666666666666,58,0.36,7.25,11.993273195876291,0.0,0.0,0.0,0.0,21.164021164021165,7.054673721340388,3
0.6931818181818182,48,0.3333333333333333,8.0,10.389051724137932,0.0,0.0,0.0,0.0,23.62204724409449,7.874015748031496,3
0.7727272727272727,57,0.45454545454545453,7.0,10.891764705882352,0.0,0.0,0.0,1.7985611510791368,25.179856115107913,8.992805755395683,3
0.76,69,0.5714285714285714,9.0,13.190833333333334,0.0,0.0,0.0,0.0,23.1023102310231,6.600660066006601,3
0.7228915662650602,51,0.2857142857142857,8.0,8.6659756097561,0.0,0.0,0.0,0.0,32.454361054766736,8.113590263691684,3
0.7065217391304348,57,0.28,7.6,11.21789010989011,0.0,0.0,0.0,0.0,25.210084033613445,8.403361344537815,3
0.7023809523809523,52,0.4090909090909091,9.5,13.270853658536588,0.0,0.0,0.0,0.0,21.611001964636543,7.858546168958742,3
0.652542372881356,63,0.2727272727272727,6.166666666666667,10.244561403508772,0.0,0.0,0.0,0.0,24.502297090352222,9.188361408882084,3
0.6666666666666666,53,0.5263157894736842,6.75,11.306675824175823,0.0,0.0,0.0,0.0,20.99236641221374,5.7251908396946565,3
0.7375,48,0.5217391304347826,4.555555555555555,9.858924050632911,0.0,0.0,0.0,7.142857142857142,17.857142857142858,12.5,3
0.7380952380952381,51,0.5,4.3,11.782126582278483,0.0,0.0,0.0,7.2332730560578655,10.849909584086799,9.041591320072333,3
0.7840909090909091,62,0.6666666666666666,7.0,10.90961904761905,0.0,0.0,0.0,0.0,23.38129496402878,8.992805755395683,3
0.7209302325581395,53,0.3333333333333333,7.5,11.299852941176471,0.0,0.0,0.0,0.0,27.131782945736433,5.813953488372093,3
0.7407407407407407,52,0.35,6.25,11.832948717948721,0.0,0.0,0.0,0.0,21.44249512670565,5.847953216374268,3
0.68,57,0.5909090909090909,7.2,10.01078787878788,0.0,0.0,0.0,0.0,27.826086956521742,8.695652173913043,3
0.6956521739130435,55,0.23076923076923078,5.714285714285714,9.877619047619053,0.0,0.0,1.721170395869191,0.0,22.37521514629948,10.327022375215147,3
0.7222222222222222,57,0.2727272727272727,8.333333333333334,15.485348837209305,0.0,0.0,0.0,0.0,18.38235294117647,5.514705882352941,3
0.7831325301204819,55,0.7857142857142857,7.5,10.105000000000004,0.0,0.0,0.0,2.1141649048625792,29.598308668076108,4.2283298097251585,3
0.76,69,0.5714285714285714,9.0,13.190833333333334,0.0,0.0,0.0,0.0,23.1023102310231,6.600660066006601,3
0.6923076923076923,51,0.2916666666666667,8.75,8.583598901098902,0.0,0.0,0.0,0.0,32.128514056224894,8.032128514056224,3
0.7021276595744681,59,0.4583333333333333,7.6,11.33066666666667,0.0,0.0,0.0,0.0,18.211920529801326,8.27814569536424,3
0.7425742574257426,63,0.38461538461538464,8.0,12.332,0.0,0.0,0.0,1.644736842105263,21.38157894736842,6.578947368421052,3
0.6593406593406593,49,0.2916666666666667,5.333333333333333,11.275898876404494,0.0,0.0,1.7543859649122808,0.0,19.29824561403509,8.771929824561402,3
0.7349397590361446,52,0.391304347826087,7.333333333333333,13.441234567901237,0.0,0.0,0.0,0.0,22.044088176352705,6.012024048096192,3
0.7530864197530864,52,0.7857142857142857,5.6,8.497499999999999,0.0,0.0,0.0,0.0,28.017241379310345,10.775862068965518,3
0.725,47,0.42105263157894735,6.4,9.418597402597406,0.0,0.0,0.0,2.0491803278688527,16.393442622950822,10.245901639344261,3
0.76,69,0.5714285714285714,9.0,13.190833333333334,0.0,0.0,0.0,0.0,23.1023102310231,6.600660066006601,3
0.7326732673267327,63,0.5416666666666666,8.8,8.612000000000002,0.0,0.0,0.0,0.0,24.64788732394366,8.802816901408452,3
0.7093023255813954,50,0.2857142857142857,5.666666666666667,9.072093023255814,0.0,0.0,0.0,0.0,26.717557251908396,11.450381679389313,3
0.6846846846846847,66,0.4827586206896552,8.2,10.183315315315316,0.0,0.0,0.0,0.0,24.03846153846154,8.012820512820513,3
0.6385542168674698,42,0.36363636363636365,5.8,11.782795180722893,0.0,0.0,0.0,0.0,28.19548872180451,9.398496240601503,3
0.6595744680851063,51,0.5454545454545454,6.8,11.199446808510643,0.0,0.0,0.0,0.0,21.428571428571427,8.928571428571429,3
0.7525773195876289,62,0.5,6.0,10.588371134020619,0.0,0.0,0.0,1.7064846416382253,22.18430034129693,5.1194539249146755,3
0.76,69,0.5714285714285714,9.0,13.190833333333334,0.0,0.0,0.0,0.0,23.1023102310231,6.600660066006601,3
0.6923076923076923,51,0.2916666666666667,8.75,8.583598901098902,0.0,0.0,0.0,0.0,32.128514056224894,8.032128514056224,3
0.7021276595744681,59,0.4583333333333333,7.6,11.457548387096779,0.0,0.0,0.0,0.0,18.18181818181818,8.264462809917356,3
0.7252747252747253,55,0.32,8.5,11.781882022471915,0.0,0.0,0.0,0.0,20.10968921389397,7.312614259597806,3
0.7252747252747253,57,0.30434782608695654,6.4,11.227777777777778,0.0,0.0,0.0,0.0,19.36619718309859,7.042253521126761,3
0.7283950617283951,51,0.30434782608695654,8.0,10.517376543209878,0.0,0.0,0.0,0.0,32.96703296703297,6.593406593406593,3
0.6896551724137931,53,0.3181818181818182,6.75,11.438676470588238,0.0,0.0,0.0,0.0,23.762376237623762,7.920792079207921,3
0.717948717948718,72,0.42857142857142855,7.833333333333333,11.383157894736843,0.0,0.0,0.0,1.3605442176870748,21.768707482993197,8.16326530612245,3
0.7840909090909091,62,0.6666666666666666,7.0,10.90961904761905,0.0,0.0,0.0,0.0,21.62162162162162,9.00900900900901,3
0.7111111111111111,56,0.38095238095238093,6.5,10.323455056179778,0.0,0.0,0.0,0.0,27.5049115913556,7.858546168958742,3
0.719626168224299,69,0.3,8.25,14.251845794392526,0.0,0.0,0.0,0.0,21.244309559939303,6.0698027314112295,3
0.72,62,0.5652173913043478,8.0,11.074969072164947,0.0,0.0,0.0,0.0,23.37228714524207,6.67779632721202,3
0.6989247311827957,55,0.4583333333333333,7.0,10.046382022471914,0.0,0.0,0.0,0.0,28.88086642599278,7.220216606498195,3
0.7021276595744681,56,0.46153846153846156,5.666666666666667,10.553571428571427,0.0,0.0,0.0,0.0,27.874564459930312,8.710801393728223,3
0.6741573033707865,50,0.5789473684210527,6.75,10.605735294117647,0.0,0.0,0.0,0.0,24.34077079107505,8.113590263691684,3
0.7586206896551724,59,0.5454545454545454,8.25,11.993970588235296,0.0,0.0,0.0,0.0,22.5140712945591,7.5046904315197,3
0.75,56,0.3888888888888889,9.5,12.839146341463415,0.0,0.0,0.0,0.0,23.076923076923077,5.769230769230769,3
0.6470588235294118,53,0.9,9.25,13.393999999999998,0.0,0.0,0.0,0.0,25.559105431309902,6.3897763578274756,3
0.6741573033707865,48,0.7619047619047619,7.5,11.867093023255816,0.0,0.0,0.0,0.0,30.852994555353902,7.259528130671506,3
0.7866666666666666,50,1.1875,4.666666666666667,14.108783783783785,0.0,0.0,0.0,8.756567425569177,14.010507880910684,7.005253940455342,3
0.7586206896551724,59,0.5454545454545454,8.25,11.993970588235296,0.0,0.0,0.0,0.0,22.5140712945591,7.5046904315197,3
0.75,56,0.3888888888888889,9.5,12.839146341463415,0.0,0.0,0.0,0.0,23.076923076923077,5.769230769230769,3
0.68,57,0.6521739130434783,8.5,11.785408163265306,0.0,0.0,0.0,0.0,20.654044750430295,6.884681583476764,3
0.6627906976744186,48,0.6,7.333333333333333,15.311764705882354,0.0,0.0,0.0,0.0,32.015065913371,5.649717514124294,3
0.8333333333333334,62,1.1176470588235294,4.153846153846154,12.18878048780488,0.0,0.0,0.0,9.188361408882084,16.84532924961715,9.188361408882084,3
0.7586206896551724,59,0.5454545454545454,8.25,11.993970588235296,0.0,0.0,0.0,0.0,22.5140712945591,7.5046904315197,3
0.75,56,0.3888888888888889,9.5,12.839146341463415,0.0,0.0,0.0,0.0,23.076923076923077,5.769230769230769,3
0.75,56,0.5909090909090909,7.0,12.406114457831329,0.0,0.0,0.0,0.0,30.075187969924812,7.518796992481203,3
0.672566371681416,64,0.6,8.5,13.549426605504589,0.0,0.0,0.0,0.0,28.963414634146343,6.097560975609756,3
0.7294117647058823,52,0.5,5.111111111111111,12.20930120481928,0.0,0.0,0.0,8.319467554076539,16.638935108153078,8.319467554076539,3
0.7586206896551724,59,0.5454545454545454,8.25,11.993970588235296,0.0,0.0,0.0,0.0,22.5140712945591,7.5046904315197,3
0.75,56,0.3888888888888889,9.5,12.839146341463415,0.0,0.0,0.0,0.0,23.076923076923077,5.769230769230769,3
0.75,56,0.5909090909090909,7.0,12.406114457831329,0.0,0.0,0.0,0.0,30.075187969924812,7.518796992481203,3
0.672566371681416,64,0.6,8.5,13.549426605504589,0.0,0.0,0.0,0.0,28.963414634146343,6.097560975609756,3
0.7472527472527473,55,0.8636363636363636,5.222222222222222,12.460363636363638,0.0,0.0,0.0,7.541478129713424,16.591251885369534,7.541478129713424,3
0.7156862745098039,62,0.5833333333333334,8.4,11.321898989898994,0.0,0.0,0.0,0.0,22.764227642276424,6.504065040650406,3
0.7634408602150538,64,0.7894736842105263,7.25,11.464782608695653,0.0,0.0,0.0,0.0,28.88086642599278,7.220216606498195,3
0.7352941176470589,63,0.7391304347826086,6.8,12.156242424242429,0.0,0.0,0.0,0.0,20.90032154340836,3.215434083601286,3
0.6736842105263158,51,0.7222222222222222,8.0,15.659139784946237,0.0,0.0,0.0,0.0,26.408450704225352,5.28169014084507,3
0.7857142857142857,53,0.9473684210526315,5.0,14.42207317073171,0.0,0.0,0.0,7.849293563579277,17.26844583987441,6.279434850863423,3
0.7586206896551724,59,0.5454545454545454,8.25,11.993970588235296,0.0,0.0,0.0,0.0,22.5140712945591,7.5046904315197,3
0.6875,60,0.4166666666666667,10.75,12.404787234042555,0.0,0.0,0.0,0.0,26.978417266187048,5.39568345323741,3
0.7578947368421053,64,0.9411764705882353,6.0,10.700000000000003,0.0,0.0,0.0,0.0,26.71118530884808,5.0083472454090145,3
0.6666666666666666,50,0.3333333333333333,7.5,11.092272727272732,0.0,0.0,0.0,0.0,24.95201535508637,7.677543186180422,3
0.8292682926829268,58,1.0625,4.5,13.942717948717949,0.0,0.0,0.0,8.223684210526315,14.802631578947368,8.223684210526315,3
0.7586206896551724,59,0.5454545454545454,8.25,11.993970588235296,0.0,0.0,0.0,0.0,22.5140712945591,7.5046904315197,3
0.75,56,0.3888888888888889,9.5,12.839146341463415,0.0,0.0,0.0,0.0,23.076923076923077,5.769230769230769,3
0.7701149425287356,60,0.4,7.25,11.142857142857142,0.0,0.0,0.0,0.0,27.66798418972332,7.905138339920948,3
0.7303370786516854,58,0.6666666666666666,6.2,11.372224719101123,0.0,0.0,0.0,0.0,21.85792349726776,9.107468123861567,3
0.7567567567567568,44,0.5769230769230769,4.0,11.76427397260274,0.0,0.0,0.0,10.256410256410257,15.384615384615385,8.547008547008549,3
0.7586206896551724,59,0.5454545454545454,8.25,11.993970588235296,0.0,0.0,0.0,0.0,22.5140712945591,7.5046904315197,3
0.75,56,0.3888888888888889,9.5,12.839146341463415,0.0,0.0,0.0,0.0,23.076923076923077,5.769230769230769,3
0.7555555555555555,60,0.2608695652173913,8.75,12.278720930232563,0.0,0.0,0.0,0.0,26.515151515151516,7.575757575757576,3
0.7207207207207207,74,0.4666666666666667,8.25,15.4980504587156,0.0,0.0,0.0,1.4492753623188406,17.391304347826086,5.797101449275362,3
0.7906976744186046,55,1.0,4.9,12.476585365853662,0.0,0.0,0.0,9.27357032457496,17.001545595054097,9.27357032457496,3
0.7586206896551724,59,0.5454545454545454,8.5,11.993970588235296,0.0,0.0,0.0,0.0,22.5140712945591,7.5046904315197,3
0.7093023255813954,52,0.2608695652173913,7.25,11.695271084337353,0.0,0.0,0.0,0.0,22.988505747126435,5.747126436781609,3
0.7475728155339806,69,0.4583333333333333,6.6,11.097900990099014,0.0,0.0,0.0,0.0,28.05280528052805,8.25082508250825,3
0.6979166666666666,57,0.36,6.75,13.911170212765956,0.0,0.0,0.0,0.0,25.466893039049236,6.791171477079796,3
0.8235294117647058,60,0.7619047619047619,5.25,13.39868292682927,0.0,0.0,0.0,9.230769230769232,13.846153846153847,7.6923076923076925,3
0.7586206896551724,59,0.5454545454545454,8.25,11.993970588235296,0.0,0.0,0.0,0.0,22.5140712945591,7.5046904315197,3
0.75,56,0.3888888888888889,9.5,12.839146341463415,0.0,0.0,0.0,0.0,23.076923076923077,5.769230769230769,3
0.7555555555555555,60,0.2608695652173913,8.75,12.278720930232563,0.0,0.0,0.0,0.0,26.515151515151516,7.575757575757576,3
0.7126436781609196,55,0.55,8.0,14.799302325581397,0.0,0.0,0.0,0.0,21.19460500963391,5.780346820809248,3
0.7647058823529411,54,0.7727272727272727,4.7,13.06231325301205,0.0,0.0,0.0,6.557377049180328,16.393442622950822,8.196721311475411,3
0.7586206896551724,59,0.5454545454545454,8.25,11.993970588235296,0.0,0.0,0.0,0.0,22.5140712945591,7.5046904315197,3
0.75,56,0.3888888888888889,9.5,12.839146341463415,0.0,0.0,0.0,0.0,23.076923076923077,5.769230769230769,3
0.7386363636363636,57,0.36363636363636365,8.5,11.85514705882353,0.0,0.0,0.0,0.0,27.131782945736433,7.751937984496124,3
0.7272727272727273,63,0.6190476190476191,8.0,12.748673469387757,0.0,0.0,0.0,0.0,23.450586264656614,6.700167504187605,3
0.8,59,0.7,4.7,11.384048780487806,0.0,0.0,0.0,8.460236886632826,13.536379018612521,8.460236886632826,3
0.75,65,0.42857142857142855,7.0,9.48725806451613,0.0,0.0,0.0,0.0,22.37521514629948,8.605851979345955,3
0.7156862745098039,62,0.5416666666666666,7.6,12.64379591836735,0.0,0.0,0.0,0.0,29.503105590062113,6.211180124223602,3
0.69,60,0.4166666666666667,7.25,12.686000000000003,0.0,0.0,0.0,0.0,24.54991816693944,6.546644844517186,3
0.7529411764705882,57,0.47058823529411764,5.4,10.503277108433736,0.0,0.0,0.0,0.0,26.97495183044316,5.780346820809248,3
0.6551724137931034,62,0.48148148148148145,8.6,12.761649122807018,0.0,0.0,0.0,0.0,24.495677233429394,7.204610951008645,3
0.6590909090909091,47,0.6111111111111112,8.333333333333334,14.936511627906977,0.0,0.0,0.0,0.0,24.80916030534351,5.7251908396946565,3
0.7613636363636364,54,0.21052631578947367,6.0,8.002590361445783,0.0,0.0,0.0,1.9305019305019306,23.166023166023166,9.652509652509652,3
0.7586206896551724,59,0.5454545454545454,8.25,11.993970588235296,0.0,0.0,0.0,0.0,22.5140712945591,7.5046904315197,3
0.75,56,0.3888888888888889,9.5,12.839146341463415,0.0,0.0,0.0,0.0,23.076923076923077,5.769230769230769,3
0.7555555555555555,60,0.2608695652173913,8.75,12.278720930232563,0.0,0.0,0.0,0.0,26.515151515151516,7.575757575757576,3
0.71,60,0.6190476190476191,8.333333333333334,14.902474226804127,0.0,0.0,0.0,0.0,24.137931034482758,5.172413793103448,3
0.8192771084337349,62,0.7894736842105263,5.857142857142857,14.013672839506174,0.0,0.0,0.0,6.688963210702341,20.066889632107024,6.688963210702341,3
0.7070707070707071,59,0.5416666666666666,8.0,10.94842105263158,0.0,0.0,0.0,0.0,23.608768971332207,6.745362563237774,3
0.7126436781609196,52,0.5,7.75,11.423809523809528,0.0,0.0,0.0,0.0,24.8565965583174,7.648183556405353,3
0.6721311475409836,68,0.26666666666666666,5.833333333333333,9.101302521008403,0.0,0.0,0.0,1.461988304093567,23.391812865497073,5.847953216374268,3
0.8043478260869565,64,1.0,5.166666666666667,13.638061797752808,0.0,0.0,0.0,4.694835680751174,25.039123630672925,6.259780907668231,3
0.7590361445783133,50,0.5,5.142857142857143,10.415000000000003,0.0,0.0,0.0,7.407407407407407,9.25925925925926,9.25925925925926,3
0.72,62,0.5652173913043478,8.0,11.074969072164947,0.0,0.0,0.0,0.0,23.37228714524207,6.67779632721202,3
0.7777777777777778,63,0.3076923076923077,8.0,11.251544943820225,0.0,0.0,0.0,0.0,28.169014084507044,7.042253521126761,3
0.6962025316455697,47,0.35,6.0,11.679588607594937,0.0,0.0,0.0,0.0,20.61855670103093,4.123711340206186,3
0.6741573033707865,51,0.5238095238095238,6.8,10.058823529411764,0.0,0.0,0.0,0.0,23.166023166023166,7.722007722007723,3
0.6987951807228916,44,0.5789473684210527,5.5,11.828487654320991,0.0,0.0,0.0,7.532956685499058,13.182674199623353,7.532956685499058,3
0.7654320987654321,55,0.5,8.25,11.227820512820514,0.0,0.0,0.0,0.0,22.267206477732792,6.0728744939271255,3
0.7204301075268817,58,0.6190476190476191,8.0,14.782857142857143,0.0,0.0,0.0,0.0,28.77697841726619,5.39568345323741,3
0.7272727272727273,56,0.34782608695652173,8.333333333333334,15.561363636363634,0.0,0.0,0.0,0.0,25.59414990859232,5.484460694698354,3
0.6458333333333334,53,0.4444444444444444,7.2,10.950021505376348,0.0,0.0,0.0,0.0,22.727272727272727,6.993006993006993,3
0.7634408602150538,57,0.9523809523809523,4.8,12.538888888888891,0.0,0.0,0.0,7.575757575757576,22.727272727272727,7.575757575757576,3
0.7586206896551724,59,0.5454545454545454,8.25,11.993970588235296,0.0,0.0,0.0,0.0,22.5140712945591,7.5046904315197,3
0.75,56,0.3888888888888889,9.5,12.839146341463415,0.0,0.0,0.0,0.0,23.076923076923077,5.769230769230769,3
0.7608695652173914,63,0.44,7.0,11.80277777777778,0.0,0.0,0.0,0.0,26.929982046678635,7.1813285457809695,3
0.7326732673267327,65,0.5,6.4,9.89159595959596,0.0,0.0,0.0,0.0,25.906735751295336,8.635578583765112,3
0.8,54,0.8095238095238095,5.555555555555555,12.48353246753247,0.0,0.0,0.0,7.1301247771836005,19.607843137254903,8.9126559714795,3
0.7654320987654321,55,0.5,8.25,11.227820512820514,0.0,0.0,0.0,0.0,22.267206477732792,6.0728744939271255,3
0.7407407407407407,51,0.5789473684210527,8.0,13.05215189873418,0.0,0.0,0.0,0.0,31.380753138075313,6.2761506276150625,3
0.6875,57,0.3181818181818182,5.666666666666667,8.847659574468086,0.0,0.0,0.0,0.0,22.68760907504363,8.726003490401396,3
0.7064220183486238,68,0.4074074074074074,8.75,13.001603773584907,0.0,0.0,0.0,0.0,23.809523809523807,6.349206349206349,3
0.7586206896551724,59,0.5454545454545454,8.25,11.993970588235296,0.0,0.0,0.0,0.0,22.5140712945591,7.5046904315197,3
0.75,56,0.3888888888888889,9.5,12.839146341463415,0.0,0.0,0.0,0.0,23.076923076923077,5.769230769230769,3
0.7634408602150538,63,0.3181818181818182,8.75,11.91446629213483,0.0,0.0,0.0,0.0,26.022304832713754,7.434944237918216,3
0.6699029126213593,57,0.4642857142857143,9.0,12.152000000000001,0.0,0.0,0.0,0.0,22.22222222222222,7.936507936507936,3
0.7802197802197802,58,0.6190476190476191,4.4,11.655818181818184,0.0,0.0,0.0,9.448818897637794,11.023622047244094,6.299212598425196,3
